n,lote,tipo,empresa,web,demo_url,slug,lead_id,asunto,mensaje,mensaje_corto
"167","madrid5","ab_canal","Brico&Más","http://www.bricomas.net/","https://presupuestos.nico-soto.es/demo/brico-mas","brico-mas","cd46eac0-b45e-4a8d-a5c2-71c3c9e0bcec","Presupuestos que no te contestan","Hola,

¿Cuántas visitas y presupuestos haces a clientes que luego no contestan, o que solo querían comparar precio? Y si el contacto viene de Habitissimo o Cronoshare, encima lo has pagado y lo tienen otras tres empresas.

He preparado un simulador para la web de Brico&Más: el cliente elige tipo de obra, metros y calidades, ve un precio orientativo y te escribe ya sabiendo cuánto cuesta. Ese contacto es solo tuyo.

Ya está montado con tu nombre y tus servicios (reformas integrales, manitas a domicilio y bricolaje):
https://presupuestos.nico-soto.es/demo/brico-mas

¿Hoy te llegan más clientes por tu web o por plataformas?

Nico Soto
nico-soto.es","Hola, he preparado un simulador de presupuestos para la web de Brico&Más: el cliente elige tipo de obra, metros y calidades, ve un precio orientativo y te escribe ya sabiendo cuánto cuesta. Ya está montado con tu nombre: https://presupuestos.nico-soto.es/demo/brico-mas — ¿Hoy te llegan más clientes por tu web o por plataformas? Nico Soto · nico-soto.es"
"168","madrid5","ab_canal","Cerodisa","http://www.reformascerodisa.com/contacto.aspx?ID=5798","https://presupuestos.nico-soto.es/demo/cerodisa","cerodisa","eac86c9f-ab5d-4a99-8ba9-e30df8e0d7c8","¿Pagas por leads que reciben 4?","Hola,

¿Cuántas visitas y presupuestos haces a clientes que luego no contestan, o que solo querían comparar precio? Y si el contacto viene de Habitissimo o Cronoshare, encima lo has pagado y lo tienen otras tres empresas.

He preparado un simulador para la web de Cerodisa: el cliente elige tipo de obra, metros y calidades, ve un precio orientativo y te escribe ya sabiendo cuánto cuesta. Ese contacto es solo tuyo.

Ya está montado con tu nombre y tus servicios (reformas de baños, alicatado de cocinas y pintores):
https://presupuestos.nico-soto.es/demo/cerodisa

¿Hoy te llegan más clientes por tu web o por plataformas?

Nico Soto
nico-soto.es","Hola, he preparado un simulador de presupuestos para la web de Cerodisa: el cliente elige tipo de obra, metros y calidades, ve un precio orientativo y te escribe ya sabiendo cuánto cuesta. Ya está montado con tu nombre: https://presupuestos.nico-soto.es/demo/cerodisa — ¿Hoy te llegan más clientes por tu web o por plataformas? Nico Soto · nico-soto.es"
"171","madrid5","ab_canal","Reformar Renovación","https://reformarrenovacion.es/","https://presupuestos.nico-soto.es/demo/reformar-renovacion","reformar-renovacion","565193db-7bf0-4b37-88c8-3ffc0b3bcb21","Presupuestos que no te contestan","Hola,

¿Cuántas visitas y presupuestos haces a clientes que luego no contestan, o que solo querían comparar precio? Y si el contacto viene de Habitissimo o Cronoshare, encima lo has pagado y lo tienen otras tres empresas.

He preparado un simulador para la web de Reformar Renovación: el cliente elige tipo de obra, metros y calidades, ve un precio orientativo y te escribe ya sabiendo cuánto cuesta. Ese contacto es solo tuyo.

Ya está montado con tu nombre y tus servicios (reformas integrales de viviendas):
https://presupuestos.nico-soto.es/demo/reformar-renovacion

¿Hoy te llegan más clientes por tu web o por plataformas?

Nico Soto
nico-soto.es","Hola, he preparado un simulador de presupuestos para la web de Reformar Renovación: el cliente elige tipo de obra, metros y calidades, ve un precio orientativo y te escribe ya sabiendo cuánto cuesta. Ya está montado con tu nombre: https://presupuestos.nico-soto.es/demo/reformar-renovacion — ¿Hoy te llegan más clientes por tu web o por plataformas? Nico Soto · nico-soto.es"
"173","madrid5","ab_canal","Transformaya","https://transformaya.com/","https://presupuestos.nico-soto.es/demo/transformaya","transformaya","2554c66e-e13c-4000-af65-1419f34c68b9","Presupuestos que no te contestan","Hola,

¿Cuántas visitas y presupuestos haces a clientes que luego no contestan, o que solo querían comparar precio? Y si el contacto viene de Habitissimo o Cronoshare, encima lo has pagado y lo tienen otras tres empresas.

He preparado un simulador para la web de Transformaya: el cliente elige tipo de obra, metros y calidades, ve un precio orientativo y te escribe ya sabiendo cuánto cuesta. Ese contacto es solo tuyo.

Ya está montado con tu nombre y tus servicios (reformas de baños):
https://presupuestos.nico-soto.es/demo/transformaya

¿Hoy te llegan más clientes por tu web o por plataformas?

Nico Soto
nico-soto.es","Hola, he preparado un simulador de presupuestos para la web de Transformaya: el cliente elige tipo de obra, metros y calidades, ve un precio orientativo y te escribe ya sabiendo cuánto cuesta. Ya está montado con tu nombre: https://presupuestos.nico-soto.es/demo/transformaya — ¿Hoy te llegan más clientes por tu web o por plataformas? Nico Soto · nico-soto.es"
"175","madrid5","ab_canal","ASC Construcciones y Reformas","https://construccionesasc.com/","https://presupuestos.nico-soto.es/demo/asc-reformas","asc-reformas","f29744d8-0e17-4f12-9da8-5cbbd2122a87","Presupuestos que no te contestan","Hola,

¿Cuántas visitas y presupuestos haces a clientes que luego no contestan, o que solo querían comparar precio? Y si el contacto viene de Habitissimo o Cronoshare, encima lo has pagado y lo tienen otras tres empresas.

He preparado un simulador para la web de ASC Construcciones y Reformas: el cliente elige tipo de obra, metros y calidades, ve un precio orientativo y te escribe ya sabiendo cuánto cuesta. Ese contacto es solo tuyo.

Ya está montado con tu nombre y tus servicios (reformas integrales de pisos y chalets):
https://presupuestos.nico-soto.es/demo/asc-reformas

¿Hoy te llegan más clientes por tu web o por plataformas?

Nico Soto
nico-soto.es","Hola, he preparado un simulador de presupuestos para la web de ASC Construcciones y Reformas: el cliente elige tipo de obra, metros y calidades, ve un precio orientativo y te escribe ya sabiendo cuánto cuesta. Ya está montado con tu nombre: https://presupuestos.nico-soto.es/demo/asc-reformas — ¿Hoy te llegan más clientes por tu web o por plataformas? Nico Soto · nico-soto.es"
"176","madrid5","ab_canal","WannaHome","https://www.wannahome.es/","https://presupuestos.nico-soto.es/demo/wannahome","wannahome","d00b00ce-dfdb-4190-a640-e4fe0f4697cb","¿Pagas por leads que reciben 4?","Hola,

¿Cuántas visitas y presupuestos haces a clientes que luego no contestan, o que solo querían comparar precio? Y si el contacto viene de Habitissimo o Cronoshare, encima lo has pagado y lo tienen otras tres empresas.

He preparado un simulador para la web de WannaHome: el cliente elige tipo de obra, metros y calidades, ve un precio orientativo y te escribe ya sabiendo cuánto cuesta. Ese contacto es solo tuyo.

Ya está montado con tu nombre y tus servicios (reformas integrales, mejoras del hogar y carpintería):
https://presupuestos.nico-soto.es/demo/wannahome

¿Hoy te llegan más clientes por tu web o por plataformas?

Nico Soto
nico-soto.es","Hola, he preparado un simulador de presupuestos para la web de WannaHome: el cliente elige tipo de obra, metros y calidades, ve un precio orientativo y te escribe ya sabiendo cuánto cuesta. Ya está montado con tu nombre: https://presupuestos.nico-soto.es/demo/wannahome — ¿Hoy te llegan más clientes por tu web o por plataformas? Nico Soto · nico-soto.es"
"178","madrid5","ab_canal","Rez-Estudio","http://www.rez-estudio.com/","https://presupuestos.nico-soto.es/demo/rez-estudio","rez-estudio","30c86a1e-3484-464b-b4f0-29f2a6495cec","¿Pagas por leads que reciben 4?","Hola,

¿Cuántas visitas y presupuestos haces a clientes que luego no contestan, o que solo querían comparar precio? Y si el contacto viene de Habitissimo o Cronoshare, encima lo has pagado y lo tienen otras tres empresas.

He preparado un simulador para la web de Rez-Estudio: el cliente elige tipo de obra, metros y calidades, ve un precio orientativo y te escribe ya sabiendo cuánto cuesta. Ese contacto es solo tuyo.

Ya está montado con tu nombre y tus servicios (reformas integrales, obra nueva e interiorismo):
https://presupuestos.nico-soto.es/demo/rez-estudio

¿Hoy te llegan más clientes por tu web o por plataformas?

Nico Soto
nico-soto.es","Hola, he preparado un simulador de presupuestos para la web de Rez-Estudio: el cliente elige tipo de obra, metros y calidades, ve un precio orientativo y te escribe ya sabiendo cuánto cuesta. Ya está montado con tu nombre: https://presupuestos.nico-soto.es/demo/rez-estudio — ¿Hoy te llegan más clientes por tu web o por plataformas? Nico Soto · nico-soto.es"
"181","madrid5","ab_canal","Crisreformas","http://www.crisreformas.com/","https://presupuestos.nico-soto.es/demo/crisreformas","crisreformas","c225f0ad-7ba3-47f0-ba9f-c7f43465ebad","Presupuestos que no te contestan","Hola,

¿Cuántas visitas y presupuestos haces a clientes que luego no contestan, o que solo querían comparar precio? Y si el contacto viene de Habitissimo o Cronoshare, encima lo has pagado y lo tienen otras tres empresas.

He preparado un simulador para la web de Crisreformas: el cliente elige tipo de obra, metros y calidades, ve un precio orientativo y te escribe ya sabiendo cuánto cuesta. Ese contacto es solo tuyo.

Ya está montado con tu nombre y tus servicios (reforma integral de vivienda):
https://presupuestos.nico-soto.es/demo/crisreformas

¿Hoy te llegan más clientes por tu web o por plataformas?

Nico Soto
nico-soto.es","Hola, he preparado un simulador de presupuestos para la web de Crisreformas: el cliente elige tipo de obra, metros y calidades, ve un precio orientativo y te escribe ya sabiendo cuánto cuesta. Ya está montado con tu nombre: https://presupuestos.nico-soto.es/demo/crisreformas — ¿Hoy te llegan más clientes por tu web o por plataformas? Nico Soto · nico-soto.es"
"183","madrid5","ab_canal","Némesis Reformas","https://www.nemesisleganes.com/","https://presupuestos.nico-soto.es/demo/nemesis-reformas","nemesis-reformas","a32c2d29-eab5-49f4-8b01-43fc709116b2","Presupuestos que no te contestan","Hola,

¿Cuántas visitas y presupuestos haces a clientes que luego no contestan, o que solo querían comparar precio? Y si el contacto viene de Habitissimo o Cronoshare, encima lo has pagado y lo tienen otras tres empresas.

He preparado un simulador para la web de Némesis Reformas: el cliente elige tipo de obra, metros y calidades, ve un precio orientativo y te escribe ya sabiendo cuánto cuesta. Ese contacto es solo tuyo.

Ya está montado con tu nombre y tus servicios (reformas integrales, cocinas y baños):
https://presupuestos.nico-soto.es/demo/nemesis-reformas

¿Hoy te llegan más clientes por tu web o por plataformas?

Nico Soto
nico-soto.es","Hola, he preparado un simulador de presupuestos para la web de Némesis Reformas: el cliente elige tipo de obra, metros y calidades, ve un precio orientativo y te escribe ya sabiendo cuánto cuesta. Ya está montado con tu nombre: https://presupuestos.nico-soto.es/demo/nemesis-reformas — ¿Hoy te llegan más clientes por tu web o por plataformas? Nico Soto · nico-soto.es"
"184","madrid5","ab_canal","Grupo Edma","https://www.grupoedma.info/","https://presupuestos.nico-soto.es/demo/grupo-edma","grupo-edma","65a7cf88-8435-4a54-ac4a-b0052e209595","¿Pagas por leads que reciben 4?","Hola,

¿Cuántas visitas y presupuestos haces a clientes que luego no contestan, o que solo querían comparar precio? Y si el contacto viene de Habitissimo o Cronoshare, encima lo has pagado y lo tienen otras tres empresas.

He preparado un simulador para la web de Grupo Edma: el cliente elige tipo de obra, metros y calidades, ve un precio orientativo y te escribe ya sabiendo cuánto cuesta. Ese contacto es solo tuyo.

Ya está montado con tu nombre y tus servicios (reformas de vivienda, cocinas y baños):
https://presupuestos.nico-soto.es/demo/grupo-edma

¿Hoy te llegan más clientes por tu web o por plataformas?

Nico Soto
nico-soto.es","Hola, he preparado un simulador de presupuestos para la web de Grupo Edma: el cliente elige tipo de obra, metros y calidades, ve un precio orientativo y te escribe ya sabiendo cuánto cuesta. Ya está montado con tu nombre: https://presupuestos.nico-soto.es/demo/grupo-edma — ¿Hoy te llegan más clientes por tu web o por plataformas? Nico Soto · nico-soto.es"
"186","madrid5","ab_canal","Construcción, Decoración y Rehabilitación","http://www.estudioarq.com/","https://presupuestos.nico-soto.es/demo/construccion-decoracion-rehabilitacion","construccion-decoracion-rehabilitacion","eaded490-8091-40f5-8aa3-455f1e6b6429","¿Pagas por leads que reciben 4?","Hola,

¿Cuántas visitas y presupuestos haces a clientes que luego no contestan, o que solo querían comparar precio? Y si el contacto viene de Habitissimo o Cronoshare, encima lo has pagado y lo tienen otras tres empresas.

He preparado un simulador para la web de Construcción, Decoración y Rehabilitación: el cliente elige tipo de obra, metros y calidades, ve un precio orientativo y te escribe ya sabiendo cuánto cuesta. Ese contacto es solo tuyo.

Ya está montado con tu nombre y tus servicios (reformas integrales residenciales):
https://presupuestos.nico-soto.es/demo/construccion-decoracion-rehabilitacion

¿Hoy te llegan más clientes por tu web o por plataformas?

Nico Soto
nico-soto.es","Hola, he preparado un simulador de presupuestos para la web de Construcción, Decoración y Rehabilitación: el cliente elige tipo de obra, metros y calidades, ve un precio orientativo y te escribe ya sabiendo cuánto cuesta. Ya está montado con tu nombre: https://presupuestos.nico-soto.es/demo/construccion-decoracion-rehabilitacion — ¿Hoy te llegan más clientes por tu web o por plataformas? Nico Soto · nico-soto.es"
"189","madrid6","ab_canal","Madrileña de Pinturas y Reformas","https://mdepinturasyreformas.com/","https://presupuestos.nico-soto.es/demo/madrilena-pinturas-reformas","madrilena-pinturas-reformas","ac042676-01f7-4e28-a3e9-d28ca55b4b36","¿Pagas por leads que reciben 4?","Hola,

¿Cuántas visitas y presupuestos haces a clientes que luego no contestan, o que solo querían comparar precio? Y si el contacto viene de Habitissimo o Cronoshare, encima lo has pagado y lo tienen otras tres empresas.

He preparado un simulador para la web de Madrileña de Pinturas y Reformas: el cliente elige tipo de obra, metros y calidades, ve un precio orientativo y te escribe ya sabiendo cuánto cuesta. Ese contacto es solo tuyo.

Ya está montado con tu nombre y tus servicios (pinturas, reformas integrales y decoración):
https://presupuestos.nico-soto.es/demo/madrilena-pinturas-reformas

¿Hoy te llegan más clientes por tu web o por plataformas?

Nico Soto
nico-soto.es","Hola, he preparado un simulador de presupuestos para la web de Madrileña de Pinturas y Reformas: el cliente elige tipo de obra, metros y calidades, ve un precio orientativo y te escribe ya sabiendo cuánto cuesta. Ya está montado con tu nombre: https://presupuestos.nico-soto.es/demo/madrilena-pinturas-reformas — ¿Hoy te llegan más clientes por tu web o por plataformas? Nico Soto · nico-soto.es"
"192","madrid6","ab_canal","Decoreforma3c","https://www.decoreforma3c.es/","https://presupuestos.nico-soto.es/demo/decoreforma3c","decoreforma3c","3c76292c-f62d-4e69-8cff-ec6076c4c89b","Presupuestos que no te contestan","Hola,

¿Cuántas visitas y presupuestos haces a clientes que luego no contestan, o que solo querían comparar precio? Y si el contacto viene de Habitissimo o Cronoshare, encima lo has pagado y lo tienen otras tres empresas.

He preparado un simulador para la web de Decoreforma3c: el cliente elige tipo de obra, metros y calidades, ve un precio orientativo y te escribe ya sabiendo cuánto cuesta. Ese contacto es solo tuyo.

Ya está montado con tu nombre y tus servicios (reformas integrales, cocinas y baños):
https://presupuestos.nico-soto.es/demo/decoreforma3c

¿Hoy te llegan más clientes por tu web o por plataformas?

Nico Soto
nico-soto.es","Hola, he preparado un simulador de presupuestos para la web de Decoreforma3c: el cliente elige tipo de obra, metros y calidades, ve un precio orientativo y te escribe ya sabiendo cuánto cuesta. Ya está montado con tu nombre: https://presupuestos.nico-soto.es/demo/decoreforma3c — ¿Hoy te llegan más clientes por tu web o por plataformas? Nico Soto · nico-soto.es"
"193","madrid6","ab_canal","Vivienda Sana","http://www.viviendasana.es/","https://presupuestos.nico-soto.es/demo/vivienda-sana","vivienda-sana","e2d7db7c-0928-4885-b6db-e288df8b8010","¿Pagas por leads que reciben 4?","Hola,

¿Cuántas visitas y presupuestos haces a clientes que luego no contestan, o que solo querían comparar precio? Y si el contacto viene de Habitissimo o Cronoshare, encima lo has pagado y lo tienen otras tres empresas.

He preparado un simulador para la web de Vivienda Sana: el cliente elige tipo de obra, metros y calidades, ve un precio orientativo y te escribe ya sabiendo cuánto cuesta. Ese contacto es solo tuyo.

Ya está montado con tu nombre y tus servicios (reformas de vivienda):
https://presupuestos.nico-soto.es/demo/vivienda-sana

¿Hoy te llegan más clientes por tu web o por plataformas?

Nico Soto
nico-soto.es","Hola, he preparado un simulador de presupuestos para la web de Vivienda Sana: el cliente elige tipo de obra, metros y calidades, ve un precio orientativo y te escribe ya sabiendo cuánto cuesta. Ya está montado con tu nombre: https://presupuestos.nico-soto.es/demo/vivienda-sana — ¿Hoy te llegan más clientes por tu web o por plataformas? Nico Soto · nico-soto.es"
"195","madrid6","ab_canal","Reformas Factory","https://reformasfactory.es/","https://presupuestos.nico-soto.es/demo/reformas-factory","reformas-factory","3014a431-4f99-4a2e-aebc-b5536f508c96","¿Pagas por leads que reciben 4?","Hola,

¿Cuántas visitas y presupuestos haces a clientes que luego no contestan, o que solo querían comparar precio? Y si el contacto viene de Habitissimo o Cronoshare, encima lo has pagado y lo tienen otras tres empresas.

He preparado un simulador para la web de Reformas Factory: el cliente elige tipo de obra, metros y calidades, ve un precio orientativo y te escribe ya sabiendo cuánto cuesta. Ese contacto es solo tuyo.

Ya está montado con tu nombre y tus servicios (reformas de baños y de interior de vivienda):
https://presupuestos.nico-soto.es/demo/reformas-factory

¿Hoy te llegan más clientes por tu web o por plataformas?

Nico Soto
nico-soto.es","Hola, he preparado un simulador de presupuestos para la web de Reformas Factory: el cliente elige tipo de obra, metros y calidades, ve un precio orientativo y te escribe ya sabiendo cuánto cuesta. Ya está montado con tu nombre: https://presupuestos.nico-soto.es/demo/reformas-factory — ¿Hoy te llegan más clientes por tu web o por plataformas? Nico Soto · nico-soto.es"
"198","madrid6","ab_canal","Ofara","http://www.ofara.es/","https://presupuestos.nico-soto.es/demo/ofara","ofara","844b22d7-2da2-4210-aff0-dd7f548ac230","Presupuestos que no te contestan","Hola,

¿Cuántas visitas y presupuestos haces a clientes que luego no contestan, o que solo querían comparar precio? Y si el contacto viene de Habitissimo o Cronoshare, encima lo has pagado y lo tienen otras tres empresas.

He preparado un simulador para la web de Ofara: el cliente elige tipo de obra, metros y calidades, ve un precio orientativo y te escribe ya sabiendo cuánto cuesta. Ese contacto es solo tuyo.

Ya está montado con tu nombre y tus servicios (reformas residenciales, interiorismo y arquitectura):
https://presupuestos.nico-soto.es/demo/ofara

¿Hoy te llegan más clientes por tu web o por plataformas?

Nico Soto
nico-soto.es","Hola, he preparado un simulador de presupuestos para la web de Ofara: el cliente elige tipo de obra, metros y calidades, ve un precio orientativo y te escribe ya sabiendo cuánto cuesta. Ya está montado con tu nombre: https://presupuestos.nico-soto.es/demo/ofara — ¿Hoy te llegan más clientes por tu web o por plataformas? Nico Soto · nico-soto.es"
"200","madrid6","ab_canal","Reformas en Collado Villalba","http://www.reformasencolladovillalba.net/","https://presupuestos.nico-soto.es/demo/reformas-collado-villalba","reformas-collado-villalba","29317e84-8214-4399-9fe7-afedf65c7023","Presupuestos que no te contestan","Hola,

¿Cuántas visitas y presupuestos haces a clientes que luego no contestan, o que solo querían comparar precio? Y si el contacto viene de Habitissimo o Cronoshare, encima lo has pagado y lo tienen otras tres empresas.

He preparado un simulador para la web de Reformas en Collado Villalba: el cliente elige tipo de obra, metros y calidades, ve un precio orientativo y te escribe ya sabiendo cuánto cuesta. Ese contacto es solo tuyo.

Ya está montado con tu nombre y tus servicios (reformas integrales, baños y cocinas, exteriores y piscinas):
https://presupuestos.nico-soto.es/demo/reformas-collado-villalba

¿Hoy te llegan más clientes por tu web o por plataformas?

Nico Soto
nico-soto.es","Hola, he preparado un simulador de presupuestos para la web de Reformas en Collado Villalba: el cliente elige tipo de obra, metros y calidades, ve un precio orientativo y te escribe ya sabiendo cuánto cuesta. Ya está montado con tu nombre: https://presupuestos.nico-soto.es/demo/reformas-collado-villalba — ¿Hoy te llegan más clientes por tu web o por plataformas? Nico Soto · nico-soto.es"
"202","madrid6","ab_canal","Multiservicios Morosan","https://multiserviciosmorosan.com/","https://presupuestos.nico-soto.es/demo/multiservicios-morosan","multiservicios-morosan","a5f3028b-7222-4b8b-b743-d106370d7761","Presupuestos que no te contestan","Hola,

¿Cuántas visitas y presupuestos haces a clientes que luego no contestan, o que solo querían comparar precio? Y si el contacto viene de Habitissimo o Cronoshare, encima lo has pagado y lo tienen otras tres empresas.

He preparado un simulador para la web de Multiservicios Morosan: el cliente elige tipo de obra, metros y calidades, ve un precio orientativo y te escribe ya sabiendo cuánto cuesta. Ese contacto es solo tuyo.

Ya está montado con tu nombre y tus servicios (reformas de baños, cocinas y viviendas):
https://presupuestos.nico-soto.es/demo/multiservicios-morosan

¿Hoy te llegan más clientes por tu web o por plataformas?

Nico Soto
nico-soto.es","Hola, he preparado un simulador de presupuestos para la web de Multiservicios Morosan: el cliente elige tipo de obra, metros y calidades, ve un precio orientativo y te escribe ya sabiendo cuánto cuesta. Ya está montado con tu nombre: https://presupuestos.nico-soto.es/demo/multiservicios-morosan — ¿Hoy te llegan más clientes por tu web o por plataformas? Nico Soto · nico-soto.es"
"204","madrid6","ab_canal","TCE Reformas","https://tcereformas.com/?utm_source=gmb&utm_medium=organic&utm_campaign=google-my-business","https://presupuestos.nico-soto.es/demo/tce-reformas","tce-reformas","5ece63b8-30b2-413b-b6b3-f8eff4f6948c","Presupuestos que no te contestan","Hola,

¿Cuántas visitas y presupuestos haces a clientes que luego no contestan, o que solo querían comparar precio? Y si el contacto viene de Habitissimo o Cronoshare, encima lo has pagado y lo tienen otras tres empresas.

He preparado un simulador para la web de TCE Reformas: el cliente elige tipo de obra, metros y calidades, ve un precio orientativo y te escribe ya sabiendo cuánto cuesta. Ese contacto es solo tuyo.

Ya está montado con tu nombre y tus servicios (reforma integral de vivienda):
https://presupuestos.nico-soto.es/demo/tce-reformas

¿Hoy te llegan más clientes por tu web o por plataformas?

Nico Soto
nico-soto.es","Hola, he preparado un simulador de presupuestos para la web de TCE Reformas: el cliente elige tipo de obra, metros y calidades, ve un precio orientativo y te escribe ya sabiendo cuánto cuesta. Ya está montado con tu nombre: https://presupuestos.nico-soto.es/demo/tce-reformas — ¿Hoy te llegan más clientes por tu web o por plataformas? Nico Soto · nico-soto.es"
"205","madrid6","ab_canal","Alicia Mesa","https://aliciamesa.es/?utm_source=google&utm_medium=organic&utm_campaign=gmb-web","https://presupuestos.nico-soto.es/demo/alicia-mesa","alicia-mesa","c0b3f56b-5548-405c-b5dd-3b30d595aa89","¿Pagas por leads que reciben 4?","Hola,

¿Cuántas visitas y presupuestos haces a clientes que luego no contestan, o que solo querían comparar precio? Y si el contacto viene de Habitissimo o Cronoshare, encima lo has pagado y lo tienen otras tres empresas.

He preparado un simulador para la web de Alicia Mesa: el cliente elige tipo de obra, metros y calidades, ve un precio orientativo y te escribe ya sabiendo cuánto cuesta. Ese contacto es solo tuyo.

Ya está montado con tu nombre y tus servicios (reformas integrales de viviendas e interiorismo):
https://presupuestos.nico-soto.es/demo/alicia-mesa

¿Hoy te llegan más clientes por tu web o por plataformas?

Nico Soto
nico-soto.es","Hola, he preparado un simulador de presupuestos para la web de Alicia Mesa: el cliente elige tipo de obra, metros y calidades, ve un precio orientativo y te escribe ya sabiendo cuánto cuesta. Ya está montado con tu nombre: https://presupuestos.nico-soto.es/demo/alicia-mesa — ¿Hoy te llegan más clientes por tu web o por plataformas? Nico Soto · nico-soto.es"
"208","madrid6","ab_canal","Rubic Constructora","https://rubicconstructora.es/","https://presupuestos.nico-soto.es/demo/rubic-constructora","rubic-constructora","d022c810-1117-4411-ac20-b04b0e182c47","Presupuestos que no te contestan","Hola,

¿Cuántas visitas y presupuestos haces a clientes que luego no contestan, o que solo querían comparar precio? Y si el contacto viene de Habitissimo o Cronoshare, encima lo has pagado y lo tienen otras tres empresas.

He preparado un simulador para la web de Rubic Constructora: el cliente elige tipo de obra, metros y calidades, ve un precio orientativo y te escribe ya sabiendo cuánto cuesta. Ese contacto es solo tuyo.

Ya está montado con tu nombre y tus servicios (reformas de viviendas, obra nueva y locales):
https://presupuestos.nico-soto.es/demo/rubic-constructora

¿Hoy te llegan más clientes por tu web o por plataformas?

Nico Soto
nico-soto.es","Hola, he preparado un simulador de presupuestos para la web de Rubic Constructora: el cliente elige tipo de obra, metros y calidades, ve un precio orientativo y te escribe ya sabiendo cuánto cuesta. Ya está montado con tu nombre: https://presupuestos.nico-soto.es/demo/rubic-constructora — ¿Hoy te llegan más clientes por tu web o por plataformas? Nico Soto · nico-soto.es"
"210","madrid6","ab_canal","Mihovi","https://mihovi.com/","https://presupuestos.nico-soto.es/demo/mihovi","mihovi","184d6de4-6df6-455b-8c54-cd3b24ce1280","Presupuestos que no te contestan","Hola,

¿Cuántas visitas y presupuestos haces a clientes que luego no contestan, o que solo querían comparar precio? Y si el contacto viene de Habitissimo o Cronoshare, encima lo has pagado y lo tienen otras tres empresas.

He preparado un simulador para la web de Mihovi: el cliente elige tipo de obra, metros y calidades, ve un precio orientativo y te escribe ya sabiendo cuánto cuesta. Ese contacto es solo tuyo.

Ya está montado con tu nombre y tus servicios (construcción de viviendas, reforma de interiores y rehabilitación de edificios):
https://presupuestos.nico-soto.es/demo/mihovi

¿Hoy te llegan más clientes por tu web o por plataformas?

Nico Soto
nico-soto.es","Hola, he preparado un simulador de presupuestos para la web de Mihovi: el cliente elige tipo de obra, metros y calidades, ve un precio orientativo y te escribe ya sabiendo cuánto cuesta. Ya está montado con tu nombre: https://presupuestos.nico-soto.es/demo/mihovi — ¿Hoy te llegan más clientes por tu web o por plataformas? Nico Soto · nico-soto.es"
"211","madrid6","ab_canal","MB Reformas","https://www.mbreformas.es/","https://presupuestos.nico-soto.es/demo/mb-reformas","mb-reformas","28335dac-9c09-473f-ac5c-eff550429230","¿Pagas por leads que reciben 4?","Hola,

¿Cuántas visitas y presupuestos haces a clientes que luego no contestan, o que solo querían comparar precio? Y si el contacto viene de Habitissimo o Cronoshare, encima lo has pagado y lo tienen otras tres empresas.

He preparado un simulador para la web de MB Reformas: el cliente elige tipo de obra, metros y calidades, ve un precio orientativo y te escribe ya sabiendo cuánto cuesta. Ese contacto es solo tuyo.

Ya está montado con tu nombre y tus servicios (reformas integrales de vivienda y ventanas de PVC):
https://presupuestos.nico-soto.es/demo/mb-reformas

¿Hoy te llegan más clientes por tu web o por plataformas?

Nico Soto
nico-soto.es","Hola, he preparado un simulador de presupuestos para la web de MB Reformas: el cliente elige tipo de obra, metros y calidades, ve un precio orientativo y te escribe ya sabiendo cuánto cuesta. Ya está montado con tu nombre: https://presupuestos.nico-soto.es/demo/mb-reformas — ¿Hoy te llegan más clientes por tu web o por plataformas? Nico Soto · nico-soto.es"
"214","madrid7","ab_canal","Fixhogar","https://www.fixhogar.com/","https://presupuestos.nico-soto.es/demo/fixhogar","fixhogar","db024a8b-8009-4b49-a963-82b045895b8a","Presupuestos que no te contestan","Hola,

¿Cuántas visitas y presupuestos haces a clientes que luego no contestan, o que solo querían comparar precio? Y si el contacto viene de Habitissimo o Cronoshare, encima lo has pagado y lo tienen otras tres empresas.

He preparado un simulador para la web de Fixhogar: el cliente elige tipo de obra, metros y calidades, ve un precio orientativo y te escribe ya sabiendo cuánto cuesta. Ese contacto es solo tuyo.

Ya está montado con tu nombre y tus servicios (reformas integrales, parciales y mantenimiento del hogar):
https://presupuestos.nico-soto.es/demo/fixhogar

¿Hoy te llegan más clientes por tu web o por plataformas?

Nico Soto
nico-soto.es","Hola, he preparado un simulador de presupuestos para la web de Fixhogar: el cliente elige tipo de obra, metros y calidades, ve un precio orientativo y te escribe ya sabiendo cuánto cuesta. Ya está montado con tu nombre: https://presupuestos.nico-soto.es/demo/fixhogar — ¿Hoy te llegan más clientes por tu web o por plataformas? Nico Soto · nico-soto.es"
"216","madrid7","ab_canal","Escala Reformas","http://www.reformasescala.com/","https://presupuestos.nico-soto.es/demo/escala-reformas","escala-reformas","4e387157-7157-4fb1-94ba-4fa008ea9e92","Presupuestos que no te contestan","Hola,

¿Cuántas visitas y presupuestos haces a clientes que luego no contestan, o que solo querían comparar precio? Y si el contacto viene de Habitissimo o Cronoshare, encima lo has pagado y lo tienen otras tres empresas.

He preparado un simulador para la web de Escala Reformas: el cliente elige tipo de obra, metros y calidades, ve un precio orientativo y te escribe ya sabiendo cuánto cuesta. Ese contacto es solo tuyo.

Ya está montado con tu nombre y tus servicios (reformas integrales, cocinas, baños y carpintería):
https://presupuestos.nico-soto.es/demo/escala-reformas

¿Hoy te llegan más clientes por tu web o por plataformas?

Nico Soto
nico-soto.es","Hola, he preparado un simulador de presupuestos para la web de Escala Reformas: el cliente elige tipo de obra, metros y calidades, ve un precio orientativo y te escribe ya sabiendo cuánto cuesta. Ya está montado con tu nombre: https://presupuestos.nico-soto.es/demo/escala-reformas — ¿Hoy te llegan más clientes por tu web o por plataformas? Nico Soto · nico-soto.es"
"218","madrid7","ab_canal","Reformas Arko","https://reformasarko.com/","https://presupuestos.nico-soto.es/demo/reformas-arko","reformas-arko","c6919156-38a4-49d0-8a68-bb54e662637d","Presupuestos que no te contestan","Hola,

¿Cuántas visitas y presupuestos haces a clientes que luego no contestan, o que solo querían comparar precio? Y si el contacto viene de Habitissimo o Cronoshare, encima lo has pagado y lo tienen otras tres empresas.

He preparado un simulador para la web de Reformas Arko: el cliente elige tipo de obra, metros y calidades, ve un precio orientativo y te escribe ya sabiendo cuánto cuesta. Ese contacto es solo tuyo.

Ya está montado con tu nombre y tus servicios (reformas integrales de vivienda):
https://presupuestos.nico-soto.es/demo/reformas-arko

¿Hoy te llegan más clientes por tu web o por plataformas?

Nico Soto
nico-soto.es","Hola, he preparado un simulador de presupuestos para la web de Reformas Arko: el cliente elige tipo de obra, metros y calidades, ve un precio orientativo y te escribe ya sabiendo cuánto cuesta. Ya está montado con tu nombre: https://presupuestos.nico-soto.es/demo/reformas-arko — ¿Hoy te llegan más clientes por tu web o por plataformas? Nico Soto · nico-soto.es"
"220","madrid7","ab_canal","Romat Reformas Integrales","http://www.romatreformasintegrales.es/","https://presupuestos.nico-soto.es/demo/romat-reformas","romat-reformas","d4834302-f307-4d96-8bee-aeb657415948","Presupuestos que no te contestan","Hola,

¿Cuántas visitas y presupuestos haces a clientes que luego no contestan, o que solo querían comparar precio? Y si el contacto viene de Habitissimo o Cronoshare, encima lo has pagado y lo tienen otras tres empresas.

He preparado un simulador para la web de Romat Reformas Integrales: el cliente elige tipo de obra, metros y calidades, ve un precio orientativo y te escribe ya sabiendo cuánto cuesta. Ese contacto es solo tuyo.

Ya está montado con tu nombre y tus servicios (reformas integrales):
https://presupuestos.nico-soto.es/demo/romat-reformas

¿Hoy te llegan más clientes por tu web o por plataformas?

Nico Soto
nico-soto.es","Hola, he preparado un simulador de presupuestos para la web de Romat Reformas Integrales: el cliente elige tipo de obra, metros y calidades, ve un precio orientativo y te escribe ya sabiendo cuánto cuesta. Ya está montado con tu nombre: https://presupuestos.nico-soto.es/demo/romat-reformas — ¿Hoy te llegan más clientes por tu web o por plataformas? Nico Soto · nico-soto.es"
"221","madrid7","ab_canal","SGH Interiorismo","https://sghinteriorismo.es/","https://presupuestos.nico-soto.es/demo/sgh-interiorismo","sgh-interiorismo","d023e6fd-6593-480f-952f-3e890f9f3cc1","¿Pagas por leads que reciben 4?","Hola,

¿Cuántas visitas y presupuestos haces a clientes que luego no contestan, o que solo querían comparar precio? Y si el contacto viene de Habitissimo o Cronoshare, encima lo has pagado y lo tienen otras tres empresas.

He preparado un simulador para la web de SGH Interiorismo: el cliente elige tipo de obra, metros y calidades, ve un precio orientativo y te escribe ya sabiendo cuánto cuesta. Ese contacto es solo tuyo.

Ya está montado con tu nombre y tus servicios (reformas integrales e interiorismo):
https://presupuestos.nico-soto.es/demo/sgh-interiorismo

¿Hoy te llegan más clientes por tu web o por plataformas?

Nico Soto
nico-soto.es","Hola, he preparado un simulador de presupuestos para la web de SGH Interiorismo: el cliente elige tipo de obra, metros y calidades, ve un precio orientativo y te escribe ya sabiendo cuánto cuesta. Ya está montado con tu nombre: https://presupuestos.nico-soto.es/demo/sgh-interiorismo — ¿Hoy te llegan más clientes por tu web o por plataformas? Nico Soto · nico-soto.es"
"224","madrid7","ab_canal","JJ García Reformas","http://cocinasjjgarcia.es/","https://presupuestos.nico-soto.es/demo/jj-garcia-reformas","jj-garcia-reformas","f113d734-5364-498f-b444-0316bdbc97a8","Presupuestos que no te contestan","Hola,

¿Cuántas visitas y presupuestos haces a clientes que luego no contestan, o que solo querían comparar precio? Y si el contacto viene de Habitissimo o Cronoshare, encima lo has pagado y lo tienen otras tres empresas.

He preparado un simulador para la web de JJ García Reformas: el cliente elige tipo de obra, metros y calidades, ve un precio orientativo y te escribe ya sabiendo cuánto cuesta. Ese contacto es solo tuyo.

Ya está montado con tu nombre y tus servicios (reformas integrales y de baño):
https://presupuestos.nico-soto.es/demo/jj-garcia-reformas

¿Hoy te llegan más clientes por tu web o por plataformas?

Nico Soto
nico-soto.es","Hola, he preparado un simulador de presupuestos para la web de JJ García Reformas: el cliente elige tipo de obra, metros y calidades, ve un precio orientativo y te escribe ya sabiendo cuánto cuesta. Ya está montado con tu nombre: https://presupuestos.nico-soto.es/demo/jj-garcia-reformas — ¿Hoy te llegan más clientes por tu web o por plataformas? Nico Soto · nico-soto.es"
"225","madrid7","ab_canal","Grupo Galaxy","http://www.grupogalaxy.es/","https://presupuestos.nico-soto.es/demo/grupo-galaxy","grupo-galaxy","f788d67a-2aa0-4aab-9608-7bbe05708d63","¿Pagas por leads que reciben 4?","Hola,

¿Cuántas visitas y presupuestos haces a clientes que luego no contestan, o que solo querían comparar precio? Y si el contacto viene de Habitissimo o Cronoshare, encima lo has pagado y lo tienen otras tres empresas.

He preparado un simulador para la web de Grupo Galaxy: el cliente elige tipo de obra, metros y calidades, ve un precio orientativo y te escribe ya sabiendo cuánto cuesta. Ese contacto es solo tuyo.

Ya está montado con tu nombre y tus servicios (reformas generales, construcción de obra nueva y rehabilitación de viviendas):
https://presupuestos.nico-soto.es/demo/grupo-galaxy

¿Hoy te llegan más clientes por tu web o por plataformas?

Nico Soto
nico-soto.es","Hola, he preparado un simulador de presupuestos para la web de Grupo Galaxy: el cliente elige tipo de obra, metros y calidades, ve un precio orientativo y te escribe ya sabiendo cuánto cuesta. Ya está montado con tu nombre: https://presupuestos.nico-soto.es/demo/grupo-galaxy — ¿Hoy te llegan más clientes por tu web o por plataformas? Nico Soto · nico-soto.es"
"228","madrid7","ab_canal","Neagoe Reformas","https://reformasintegralesboadilladelmonte.com/","https://presupuestos.nico-soto.es/demo/neagoe-reformas","neagoe-reformas","a5e1b2d6-5489-49bd-827b-b4d546de88dc","Presupuestos que no te contestan","Hola,

¿Cuántas visitas y presupuestos haces a clientes que luego no contestan, o que solo querían comparar precio? Y si el contacto viene de Habitissimo o Cronoshare, encima lo has pagado y lo tienen otras tres empresas.

He preparado un simulador para la web de Neagoe Reformas: el cliente elige tipo de obra, metros y calidades, ve un precio orientativo y te escribe ya sabiendo cuánto cuesta. Ese contacto es solo tuyo.

Ya está montado con tu nombre y tus servicios (reformas integrales):
https://presupuestos.nico-soto.es/demo/neagoe-reformas

¿Hoy te llegan más clientes por tu web o por plataformas?

Nico Soto
nico-soto.es","Hola, he preparado un simulador de presupuestos para la web de Neagoe Reformas: el cliente elige tipo de obra, metros y calidades, ve un precio orientativo y te escribe ya sabiendo cuánto cuesta. Ya está montado con tu nombre: https://presupuestos.nico-soto.es/demo/neagoe-reformas — ¿Hoy te llegan más clientes por tu web o por plataformas? Nico Soto · nico-soto.es"
"230","madrid7","ab_canal","Honrados","https://www.honra2.com/","https://presupuestos.nico-soto.es/demo/honrados","honrados","c723c8c5-1a6e-4c38-a9b2-436123784e4f","Presupuestos que no te contestan","Hola,

¿Cuántas visitas y presupuestos haces a clientes que luego no contestan, o que solo querían comparar precio? Y si el contacto viene de Habitissimo o Cronoshare, encima lo has pagado y lo tienen otras tres empresas.

He preparado un simulador para la web de Honrados: el cliente elige tipo de obra, metros y calidades, ve un precio orientativo y te escribe ya sabiendo cuánto cuesta. Ese contacto es solo tuyo.

Ya está montado con tu nombre y tus servicios (reformas integrales, cocinas y baños):
https://presupuestos.nico-soto.es/demo/honrados

¿Hoy te llegan más clientes por tu web o por plataformas?

Nico Soto
nico-soto.es","Hola, he preparado un simulador de presupuestos para la web de Honrados: el cliente elige tipo de obra, metros y calidades, ve un precio orientativo y te escribe ya sabiendo cuánto cuesta. Ya está montado con tu nombre: https://presupuestos.nico-soto.es/demo/honrados — ¿Hoy te llegan más clientes por tu web o por plataformas? Nico Soto · nico-soto.es"
"231","madrid7","ab_canal","Reformas Sierra Madrid","https://reformasierramadrid.es/","https://presupuestos.nico-soto.es/demo/reformas-sierra-madrid","reformas-sierra-madrid","74c20d01-a38b-40bf-9803-91ca46b61d51","¿Pagas por leads que reciben 4?","Hola,

¿Cuántas visitas y presupuestos haces a clientes que luego no contestan, o que solo querían comparar precio? Y si el contacto viene de Habitissimo o Cronoshare, encima lo has pagado y lo tienen otras tres empresas.

He preparado un simulador para la web de Reformas Sierra Madrid: el cliente elige tipo de obra, metros y calidades, ve un precio orientativo y te escribe ya sabiendo cuánto cuesta. Ese contacto es solo tuyo.

Ya está montado con tu nombre y tus servicios (reformas integrales, cocinas y baños):
https://presupuestos.nico-soto.es/demo/reformas-sierra-madrid

¿Hoy te llegan más clientes por tu web o por plataformas?

Nico Soto
nico-soto.es","Hola, he preparado un simulador de presupuestos para la web de Reformas Sierra Madrid: el cliente elige tipo de obra, metros y calidades, ve un precio orientativo y te escribe ya sabiendo cuánto cuesta. Ya está montado con tu nombre: https://presupuestos.nico-soto.es/demo/reformas-sierra-madrid — ¿Hoy te llegan más clientes por tu web o por plataformas? Nico Soto · nico-soto.es"
"233","madrid7","ab_canal","Saneamientos Lozano Morales","http://www.lozanoreformasypiscinas.com/","https://presupuestos.nico-soto.es/demo/lozano-morales","lozano-morales","992e09e4-1fcd-4bc7-bec3-797773d33719","¿Pagas por leads que reciben 4?","Hola,

¿Cuántas visitas y presupuestos haces a clientes que luego no contestan, o que solo querían comparar precio? Y si el contacto viene de Habitissimo o Cronoshare, encima lo has pagado y lo tienen otras tres empresas.

He preparado un simulador para la web de Saneamientos Lozano Morales: el cliente elige tipo de obra, metros y calidades, ve un precio orientativo y te escribe ya sabiendo cuánto cuesta. Ese contacto es solo tuyo.

Ya está montado con tu nombre y tus servicios (reformas de cocinas y baños, construcción de piscinas y aerotermia):
https://presupuestos.nico-soto.es/demo/lozano-morales

¿Hoy te llegan más clientes por tu web o por plataformas?

Nico Soto
nico-soto.es","Hola, he preparado un simulador de presupuestos para la web de Saneamientos Lozano Morales: el cliente elige tipo de obra, metros y calidades, ve un precio orientativo y te escribe ya sabiendo cuánto cuesta. Ya está montado con tu nombre: https://presupuestos.nico-soto.es/demo/lozano-morales — ¿Hoy te llegan más clientes por tu web o por plataformas? Nico Soto · nico-soto.es"
"235","madrid7","ab_canal","Redecora Tu Casa","https://www.redecoratucasa.com/?utm_source=GMB&utm_medium=organic","https://presupuestos.nico-soto.es/demo/redecora-tu-casa","redecora-tu-casa","cd6be759-5113-4a89-b036-fcbd3f99ed90","¿Pagas por leads que reciben 4?","Hola,

¿Cuántas visitas y presupuestos haces a clientes que luego no contestan, o que solo querían comparar precio? Y si el contacto viene de Habitissimo o Cronoshare, encima lo has pagado y lo tienen otras tres empresas.

He preparado un simulador para la web de Redecora Tu Casa: el cliente elige tipo de obra, metros y calidades, ve un precio orientativo y te escribe ya sabiendo cuánto cuesta. Ese contacto es solo tuyo.

Ya está montado con tu nombre y tus servicios (reformas integrales, reformas de cocinas y baños):
https://presupuestos.nico-soto.es/demo/redecora-tu-casa

¿Hoy te llegan más clientes por tu web o por plataformas?

Nico Soto
nico-soto.es","Hola, he preparado un simulador de presupuestos para la web de Redecora Tu Casa: el cliente elige tipo de obra, metros y calidades, ve un precio orientativo y te escribe ya sabiendo cuánto cuesta. Ya está montado con tu nombre: https://presupuestos.nico-soto.es/demo/redecora-tu-casa — ¿Hoy te llegan más clientes por tu web o por plataformas? Nico Soto · nico-soto.es"
"16","lote2","rescate","Gabi Reformas","https://gabireformas.com","https://presupuestos.nico-soto.es/demo/gabi-reformas","gabi-reformas","104c7b1c-15bd-43a2-a9b0-98efc843d106","Simulador de presupuestos para tu web","Hola,

Te escribí por email hace unos días y no sé si te llegó, así que te lo dejo también por aquí.

He preparado un simulador de presupuestos para la web de Gabi Reformas: el cliente elige tipo de obra, metros y calidades, ve un precio orientativo y te escribe ya sabiendo cuánto cuesta. Ya está montado con tu nombre:
https://presupuestos.nico-soto.es/demo/gabi-reformas

Son dos minutos. ¿Hoy te llegan más clientes por tu web o por plataformas?

Nico Soto
nico-soto.es","Hola, he preparado un simulador de presupuestos para la web de Gabi Reformas: el cliente elige tipo de obra, metros y calidades, ve un precio orientativo y te escribe ya sabiendo cuánto cuesta. Ya está montado con tu nombre: https://presupuestos.nico-soto.es/demo/gabi-reformas — ¿Hoy te llegan más clientes por tu web o por plataformas? Nico Soto · nico-soto.es"
"17","lote2","rescate","Reformas Bailén","http://www.reformasbailen.es","https://presupuestos.nico-soto.es/demo/reformas-bailen","reformas-bailen","815cac8e-a94c-418e-9201-61a934d01a28","Simulador de presupuestos para tu web","Hola,

Te escribí por email hace unos días y no sé si te llegó, así que te lo dejo también por aquí.

He preparado un simulador de presupuestos para la web de Reformas Bailén: el cliente elige tipo de obra, metros y calidades, ve un precio orientativo y te escribe ya sabiendo cuánto cuesta. Ya está montado con tu nombre:
https://presupuestos.nico-soto.es/demo/reformas-bailen

Son dos minutos. ¿Hoy te llegan más clientes por tu web o por plataformas?

Nico Soto
nico-soto.es","Hola, he preparado un simulador de presupuestos para la web de Reformas Bailén: el cliente elige tipo de obra, metros y calidades, ve un precio orientativo y te escribe ya sabiendo cuánto cuesta. Ya está montado con tu nombre: https://presupuestos.nico-soto.es/demo/reformas-bailen — ¿Hoy te llegan más clientes por tu web o por plataformas? Nico Soto · nico-soto.es"
"18","lote2","rescate","Grupo G Reformas","https://grupogreformas.es","https://presupuestos.nico-soto.es/demo/grupo-g-reformas","grupo-g-reformas","ef70ef95-203c-4aa0-838a-dd07c309ac2d","Simulador de presupuestos para tu web","Hola,

Te escribí por email hace unos días y no sé si te llegó, así que te lo dejo también por aquí.

He preparado un simulador de presupuestos para la web de Grupo G Reformas: el cliente elige tipo de obra, metros y calidades, ve un precio orientativo y te escribe ya sabiendo cuánto cuesta. Ya está montado con tu nombre:
https://presupuestos.nico-soto.es/demo/grupo-g-reformas

Son dos minutos. ¿Hoy te llegan más clientes por tu web o por plataformas?

Nico Soto
nico-soto.es","Hola, he preparado un simulador de presupuestos para la web de Grupo G Reformas: el cliente elige tipo de obra, metros y calidades, ve un precio orientativo y te escribe ya sabiendo cuánto cuesta. Ya está montado con tu nombre: https://presupuestos.nico-soto.es/demo/grupo-g-reformas — ¿Hoy te llegan más clientes por tu web o por plataformas? Nico Soto · nico-soto.es"
"19","lote2","rescate","Azahar Reformas Valencia","https://azaharreformasvalencia.com","https://presupuestos.nico-soto.es/demo/azahar-reformas","azahar-reformas","5934ae89-b518-474b-9bbd-8bf0c711f580","Simulador de presupuestos para tu web","Hola,

Te escribí por email hace unos días y no sé si te llegó, así que te lo dejo también por aquí.

He preparado un simulador de presupuestos para la web de Azahar Reformas Valencia: el cliente elige tipo de obra, metros y calidades, ve un precio orientativo y te escribe ya sabiendo cuánto cuesta. Ya está montado con tu nombre:
https://presupuestos.nico-soto.es/demo/azahar-reformas

Son dos minutos. ¿Hoy te llegan más clientes por tu web o por plataformas?

Nico Soto
nico-soto.es","Hola, he preparado un simulador de presupuestos para la web de Azahar Reformas Valencia: el cliente elige tipo de obra, metros y calidades, ve un precio orientativo y te escribe ya sabiendo cuánto cuesta. Ya está montado con tu nombre: https://presupuestos.nico-soto.es/demo/azahar-reformas — ¿Hoy te llegan más clientes por tu web o por plataformas? Nico Soto · nico-soto.es"
"22","lote2","rescate","OBRAS VIP","https://www.obrasvip.com","https://presupuestos.nico-soto.es/demo/obras-vip","obras-vip","ca85fdf2-fac2-40c2-8eab-d8aa891e7a62","Simulador de presupuestos para tu web","Hola,

Te escribí por email hace unos días y no sé si te llegó, así que te lo dejo también por aquí.

He preparado un simulador de presupuestos para la web de OBRAS VIP: el cliente elige tipo de obra, metros y calidades, ve un precio orientativo y te escribe ya sabiendo cuánto cuesta. Ya está montado con tu nombre:
https://presupuestos.nico-soto.es/demo/obras-vip

Son dos minutos. ¿Hoy te llegan más clientes por tu web o por plataformas?

Nico Soto
nico-soto.es","Hola, he preparado un simulador de presupuestos para la web de OBRAS VIP: el cliente elige tipo de obra, metros y calidades, ve un precio orientativo y te escribe ya sabiendo cuánto cuesta. Ya está montado con tu nombre: https://presupuestos.nico-soto.es/demo/obras-vip — ¿Hoy te llegan más clientes por tu web o por plataformas? Nico Soto · nico-soto.es"
"24","lote2","primer","VGA Proyectos y Reformas","https://vgareformas.es","https://presupuestos.nico-soto.es/demo/vga-reformas","vga-reformas","683b9b00-8813-4ab4-805c-40b5335d0144","presupuestar sin saber los metros","Hola,

Una pregunta rápida: ¿cuántas visitas de medición hacéis al mes para reformas que luego no salen?

He montado una herramienta para eso. El cliente contesta en tu web unas preguntas (metros, estancias, calidades y cuánto quiere invertir) y te llega una estimación antes de mover el coche.

Así se ve: https://presupuestos.nico-soto.es/demo/vga-reformas

¿Te encaja o lo estoy enfocando mal? Si no te interesa, dímelo y no vuelvo a escribir.

Nico Soto
nico-soto.es","Hola, he preparado un simulador de presupuestos para la web de VGA Proyectos y Reformas: el cliente elige tipo de obra, metros y calidades, ve un precio orientativo y te escribe ya sabiendo cuánto cuesta. Ya está montado con tu nombre: https://presupuestos.nico-soto.es/demo/vga-reformas — ¿Hoy te llegan más clientes por tu web o por plataformas? Nico Soto · nico-soto.es"
"25","lote2","primer","REFORMSPEED","https://reformspeed.es","https://presupuestos.nico-soto.es/demo/reformspeed","reformspeed","22698503-fbd0-4332-948b-ea06216e249f","Simulador de presupuestos para tu web","Hola, equipo de REFORMSPEED:

Tenéis una página específica para solicitar presupuesto, pero al final el cliente deja sus datos y os cuenta libremente lo que necesita. El trabajo de convertir eso en un proyecto presupuestable sigue siendo vuestro. He preparado una demo para que veáis cómo podría llegaros ya estructurado antes de dedicarle tiempo:

https://presupuestos.nico-soto.es/demo/reformspeed

Son solo dos minutos y sin compromiso.","Hola, he preparado un simulador de presupuestos para la web de REFORMSPEED: el cliente elige tipo de obra, metros y calidades, ve un precio orientativo y te escribe ya sabiendo cuánto cuesta. Ya está montado con tu nombre: https://presupuestos.nico-soto.es/demo/reformspeed — ¿Hoy te llegan más clientes por tu web o por plataformas? Nico Soto · nico-soto.es"
"30","lote2","rescate","Incoval Reformas Integrales","https://www.incoval.es","https://presupuestos.nico-soto.es/demo/incoval","incoval","3c77644c-0d99-460b-9b14-18b424406304","Simulador de presupuestos para tu web","Hola,

Te escribí por email hace unos días y no sé si te llegó, así que te lo dejo también por aquí.

He preparado un simulador de presupuestos para la web de Incoval Reformas Integrales: el cliente elige tipo de obra, metros y calidades, ve un precio orientativo y te escribe ya sabiendo cuánto cuesta. Ya está montado con tu nombre:
https://presupuestos.nico-soto.es/demo/incoval

Son dos minutos. ¿Hoy te llegan más clientes por tu web o por plataformas?

Nico Soto
nico-soto.es","Hola, he preparado un simulador de presupuestos para la web de Incoval Reformas Integrales: el cliente elige tipo de obra, metros y calidades, ve un precio orientativo y te escribe ya sabiendo cuánto cuesta. Ya está montado con tu nombre: https://presupuestos.nico-soto.es/demo/incoval — ¿Hoy te llegan más clientes por tu web o por plataformas? Nico Soto · nico-soto.es"
"31","lote3","rescate","Renovat Reformas","http://www.reformasrenovat.com","https://presupuestos.nico-soto.es/demo/renovat-reformas","renovat-reformas","4deeaca4-f30f-4e85-9f75-f8320eb2aa4e","Simulador de presupuestos para tu web","Hola,

Te escribí por email hace unos días y no sé si te llegó, así que te lo dejo también por aquí.

He preparado un simulador de presupuestos para la web de Renovat Reformas: el cliente elige tipo de obra, metros y calidades, ve un precio orientativo y te escribe ya sabiendo cuánto cuesta. Ya está montado con tu nombre:
https://presupuestos.nico-soto.es/demo/renovat-reformas

Son dos minutos. ¿Hoy te llegan más clientes por tu web o por plataformas?

Nico Soto
nico-soto.es","Hola, he preparado un simulador de presupuestos para la web de Renovat Reformas: el cliente elige tipo de obra, metros y calidades, ve un precio orientativo y te escribe ya sabiendo cuánto cuesta. Ya está montado con tu nombre: https://presupuestos.nico-soto.es/demo/renovat-reformas — ¿Hoy te llegan más clientes por tu web o por plataformas? Nico Soto · nico-soto.es"
"34","lote3","primer","Reformas Villa","http://www.reformasvilla.com","https://presupuestos.nico-soto.es/demo/reformas-villa","reformas-villa","9017e502-f515-4df7-82b8-7ae16ab57870","Simulador de presupuestos para tu web","Hola, equipo de Reformas Villa:

Vuestros proyectos son pisos completos, reformas integrales, cocinas y baños, pero por la web solo os llega un nombre, un email y un mensaje. Cada solicitud os obliga a empezar preguntando lo básico antes de saber si merece la pena. He montado una demo con vuestra marca para enseñaros cómo podría llegaros cada reforma con metros, estancias, plazo e inversión ya recogidos:

https://presupuestos.nico-soto.es/demo/reformas-villa

Son solo dos minutos y sin compromiso.","Hola, he preparado un simulador de presupuestos para la web de Reformas Villa: el cliente elige tipo de obra, metros y calidades, ve un precio orientativo y te escribe ya sabiendo cuánto cuesta. Ya está montado con tu nombre: https://presupuestos.nico-soto.es/demo/reformas-villa — ¿Hoy te llegan más clientes por tu web o por plataformas? Nico Soto · nico-soto.es"
"35","lote3","rescate","Macamon Reformas Integrales","http://macamoncho.es","https://presupuestos.nico-soto.es/demo/macamon-reformas","macamon-reformas","4b931d92-4ad1-4b81-a237-c367c8aa4fa5","Simulador de presupuestos para tu web","Hola,

Te escribí por email hace unos días y no sé si te llegó, así que te lo dejo también por aquí.

He preparado un simulador de presupuestos para la web de Macamon Reformas Integrales: el cliente elige tipo de obra, metros y calidades, ve un precio orientativo y te escribe ya sabiendo cuánto cuesta. Ya está montado con tu nombre:
https://presupuestos.nico-soto.es/demo/macamon-reformas

Son dos minutos. ¿Hoy te llegan más clientes por tu web o por plataformas?

Nico Soto
nico-soto.es","Hola, he preparado un simulador de presupuestos para la web de Macamon Reformas Integrales: el cliente elige tipo de obra, metros y calidades, ve un precio orientativo y te escribe ya sabiendo cuánto cuesta. Ya está montado con tu nombre: https://presupuestos.nico-soto.es/demo/macamon-reformas — ¿Hoy te llegan más clientes por tu web o por plataformas? Nico Soto · nico-soto.es"
"36","lote3","rescate","Hidro2 Grup","https://www.hidro2grup.com","https://presupuestos.nico-soto.es/demo/hidro2-grup","hidro2-grup","64b8dd65-ab88-46e4-93e7-aa5c97d5c181","Simulador de presupuestos para tu web","Hola,

Te escribí por email hace unos días y no sé si te llegó, así que te lo dejo también por aquí.

He preparado un simulador de presupuestos para la web de Hidro2 Grup: el cliente elige tipo de obra, metros y calidades, ve un precio orientativo y te escribe ya sabiendo cuánto cuesta. Ya está montado con tu nombre:
https://presupuestos.nico-soto.es/demo/hidro2-grup

Son dos minutos. ¿Hoy te llegan más clientes por tu web o por plataformas?

Nico Soto
nico-soto.es","Hola, he preparado un simulador de presupuestos para la web de Hidro2 Grup: el cliente elige tipo de obra, metros y calidades, ve un precio orientativo y te escribe ya sabiendo cuánto cuesta. Ya está montado con tu nombre: https://presupuestos.nico-soto.es/demo/hidro2-grup — ¿Hoy te llegan más clientes por tu web o por plataformas? Nico Soto · nico-soto.es"
"37","lote3","primer","Estil Nou Miravet","https://estilnoumiravet.com","https://presupuestos.nico-soto.es/demo/estil-nou-miravet","estil-nou-miravet","a7ae9011-6d45-469b-a0e4-7113e0601924","Simulador de presupuestos para tu web","Hola, equipo de Estil Nou Miravet:

He visto que vuestro botón ""Solicitar presupuesto"" abre directamente un WhatsApp. Eso hace que cada reforma empiece con una conversación desde cero: qué quiere hacer, metros, estancias, plazo e inversión, antes de saber siquiera si merece la pena. He montado una demo con vuestra marca para que todo eso os llegue recogido antes de empezar a hablar:

https://presupuestos.nico-soto.es/demo/estil-nou-miravet

Son solo dos minutos y sin compromiso.","Hola, he preparado un simulador de presupuestos para la web de Estil Nou Miravet: el cliente elige tipo de obra, metros y calidades, ve un precio orientativo y te escribe ya sabiendo cuánto cuesta. Ya está montado con tu nombre: https://presupuestos.nico-soto.es/demo/estil-nou-miravet — ¿Hoy te llegan más clientes por tu web o por plataformas? Nico Soto · nico-soto.es"
"40","lote3","rescate","Jesbal Habitatge","https://jesbalhabitatge.es","https://presupuestos.nico-soto.es/demo/jesbal-habitatge","jesbal-habitatge","e3d434dc-e1d0-4435-9e8c-ae6530f34f53","Simulador de presupuestos para tu web","Hola,

Te escribí por email hace unos días y no sé si te llegó, así que te lo dejo también por aquí.

He preparado un simulador de presupuestos para la web de Jesbal Habitatge: el cliente elige tipo de obra, metros y calidades, ve un precio orientativo y te escribe ya sabiendo cuánto cuesta. Ya está montado con tu nombre:
https://presupuestos.nico-soto.es/demo/jesbal-habitatge

Son dos minutos. ¿Hoy te llegan más clientes por tu web o por plataformas?

Nico Soto
nico-soto.es","Hola, he preparado un simulador de presupuestos para la web de Jesbal Habitatge: el cliente elige tipo de obra, metros y calidades, ve un precio orientativo y te escribe ya sabiendo cuánto cuesta. Ya está montado con tu nombre: https://presupuestos.nico-soto.es/demo/jesbal-habitatge — ¿Hoy te llegan más clientes por tu web o por plataformas? Nico Soto · nico-soto.es"
"41","lote3","rescate","Gytech group","https://gytechgroup.com","https://presupuestos.nico-soto.es/demo/gytech-group","gytech-group","7097155a-973c-4927-ac49-e4a0dadb3c75","Simulador de presupuestos para tu web","Hola,

Te escribí por email hace unos días y no sé si te llegó, así que te lo dejo también por aquí.

He preparado un simulador de presupuestos para la web de Gytech group: el cliente elige tipo de obra, metros y calidades, ve un precio orientativo y te escribe ya sabiendo cuánto cuesta. Ya está montado con tu nombre:
https://presupuestos.nico-soto.es/demo/gytech-group

Son dos minutos. ¿Hoy te llegan más clientes por tu web o por plataformas?

Nico Soto
nico-soto.es","Hola, he preparado un simulador de presupuestos para la web de Gytech group: el cliente elige tipo de obra, metros y calidades, ve un precio orientativo y te escribe ya sabiendo cuánto cuesta. Ya está montado con tu nombre: https://presupuestos.nico-soto.es/demo/gytech-group — ¿Hoy te llegan más clientes por tu web o por plataformas? Nico Soto · nico-soto.es"
"42","lote3","primer","Construcciones y Reformas Génesis","http://www.reformasgenesis.com.es","https://presupuestos.nico-soto.es/demo/reformas-genesis","reformas-genesis","21386ddb-aee5-4e84-85a3-9209029a52c1","he probado tu formulario","Hola,

Entré en tu web a ver cómo se pide presupuesto (no te envié nada, tranquilo). Estoy montando algo para empresas de reformas y quería ver cómo lo hacéis.

La idea es que el cliente, en vez de dejar solo nombre y teléfono, conteste metros, estancias, calidades y presupuesto, y a ti te llegue una estimación antes de la visita.

Así se ve: https://presupuestos.nico-soto.es/demo/reformas-genesis

¿Te serviría o me estoy equivocando? Si no te interesa, dímelo y no vuelvo a escribir.

Nico Soto
nico-soto.es","Hola, he preparado un simulador de presupuestos para la web de Construcciones y Reformas Génesis: el cliente elige tipo de obra, metros y calidades, ve un precio orientativo y te escribe ya sabiendo cuánto cuesta. Ya está montado con tu nombre: https://presupuestos.nico-soto.es/demo/reformas-genesis — ¿Hoy te llegan más clientes por tu web o por plataformas? Nico Soto · nico-soto.es"
"44","lote3","rescate","Construcciones y Reformas Ramírez Castañeda","http://xn--construccionesyreformasramirezcastaedasl-n2d.es","https://presupuestos.nico-soto.es/demo/ramirez-castaneda","ramirez-castaneda","15b61acc-f235-4149-930d-b270b34fe05e","Simulador de presupuestos para tu web","Hola,

Te escribí por email hace unos días y no sé si te llegó, así que te lo dejo también por aquí.

He preparado un simulador de presupuestos para la web de Construcciones y Reformas Ramírez Castañeda: el cliente elige tipo de obra, metros y calidades, ve un precio orientativo y te escribe ya sabiendo cuánto cuesta. Ya está montado con tu nombre:
https://presupuestos.nico-soto.es/demo/ramirez-castaneda

Son dos minutos. ¿Hoy te llegan más clientes por tu web o por plataformas?

Nico Soto
nico-soto.es","Hola, he preparado un simulador de presupuestos para la web de Construcciones y Reformas Ramírez Castañeda: el cliente elige tipo de obra, metros y calidades, ve un precio orientativo y te escribe ya sabiendo cuánto cuesta. Ya está montado con tu nombre: https://presupuestos.nico-soto.es/demo/ramirez-castaneda — ¿Hoy te llegan más clientes por tu web o por plataformas? Nico Soto · nico-soto.es"
"48","lote4","rescate","Proyecta Lara","https://proyectalara.es","https://presupuestos.nico-soto.es/demo/proyecta-lara","proyecta-lara","742a2f3c-7f0c-44fd-80ca-2f56525e36f0","Simulador de presupuestos para tu web","Hola,

Te escribí por email hace unos días y no sé si te llegó, así que te lo dejo también por aquí.

He preparado un simulador de presupuestos para la web de Proyecta Lara: el cliente elige tipo de obra, metros y calidades, ve un precio orientativo y te escribe ya sabiendo cuánto cuesta. Ya está montado con tu nombre:
https://presupuestos.nico-soto.es/demo/proyecta-lara

Son dos minutos. ¿Hoy te llegan más clientes por tu web o por plataformas?

Nico Soto
nico-soto.es","Hola, he preparado un simulador de presupuestos para la web de Proyecta Lara: el cliente elige tipo de obra, metros y calidades, ve un precio orientativo y te escribe ya sabiendo cuánto cuesta. Ya está montado con tu nombre: https://presupuestos.nico-soto.es/demo/proyecta-lara — ¿Hoy te llegan más clientes por tu web o por plataformas? Nico Soto · nico-soto.es"
"49","lote4","primer","Construcciones OLBE","https://www.construccionesolbe.com","https://presupuestos.nico-soto.es/demo/construcciones-olbe","construcciones-olbe","123e0cbb-1fb2-4c85-9410-901a39d3e425","presupuestar sin saber los metros","Hola,

Una pregunta rápida: ¿cuántas visitas de medición hacéis al mes para reformas que luego no salen?

He montado una herramienta para eso. El cliente contesta en tu web unas preguntas (metros, estancias, calidades y cuánto quiere invertir) y te llega una estimación antes de mover el coche.

Así se ve: https://presupuestos.nico-soto.es/demo/construcciones-olbe

¿Te encaja o lo estoy enfocando mal? Si no te interesa, dímelo y no vuelvo a escribir.

Nico Soto
nico-soto.es","Hola, he preparado un simulador de presupuestos para la web de Construcciones OLBE: el cliente elige tipo de obra, metros y calidades, ve un precio orientativo y te escribe ya sabiendo cuánto cuesta. Ya está montado con tu nombre: https://presupuestos.nico-soto.es/demo/construcciones-olbe — ¿Hoy te llegan más clientes por tu web o por plataformas? Nico Soto · nico-soto.es"
"50","lote4","rescate","Construcciones y Reformas Clurjor","http://www.clurjor.com","https://presupuestos.nico-soto.es/demo/clurjor","clurjor","a3891144-6436-4da0-850d-a5b41a50842d","Simulador de presupuestos para tu web","Hola,

Te escribí por email hace unos días y no sé si te llegó, así que te lo dejo también por aquí.

He preparado un simulador de presupuestos para la web de Construcciones y Reformas Clurjor: el cliente elige tipo de obra, metros y calidades, ve un precio orientativo y te escribe ya sabiendo cuánto cuesta. Ya está montado con tu nombre:
https://presupuestos.nico-soto.es/demo/clurjor

Son dos minutos. ¿Hoy te llegan más clientes por tu web o por plataformas?

Nico Soto
nico-soto.es","Hola, he preparado un simulador de presupuestos para la web de Construcciones y Reformas Clurjor: el cliente elige tipo de obra, metros y calidades, ve un precio orientativo y te escribe ya sabiendo cuánto cuesta. Ya está montado con tu nombre: https://presupuestos.nico-soto.es/demo/clurjor — ¿Hoy te llegan más clientes por tu web o por plataformas? Nico Soto · nico-soto.es"
"51","lote4","rescate","NCA Interiores","https://ncainteriores.es","https://presupuestos.nico-soto.es/demo/nca-interiores","nca-interiores","24a9cc77-bc8b-4bcc-b83d-27bb308c8932","Simulador de presupuestos para tu web","Hola,

Te escribí por email hace unos días y no sé si te llegó, así que te lo dejo también por aquí.

He preparado un simulador de presupuestos para la web de NCA Interiores: el cliente elige tipo de obra, metros y calidades, ve un precio orientativo y te escribe ya sabiendo cuánto cuesta. Ya está montado con tu nombre:
https://presupuestos.nico-soto.es/demo/nca-interiores

Son dos minutos. ¿Hoy te llegan más clientes por tu web o por plataformas?

Nico Soto
nico-soto.es","Hola, he preparado un simulador de presupuestos para la web de NCA Interiores: el cliente elige tipo de obra, metros y calidades, ve un precio orientativo y te escribe ya sabiendo cuánto cuesta. Ya está montado con tu nombre: https://presupuestos.nico-soto.es/demo/nca-interiores — ¿Hoy te llegan más clientes por tu web o por plataformas? Nico Soto · nico-soto.es"
"52","lote4","primer","Obralis","https://obralis.es","https://presupuestos.nico-soto.es/demo/obralis","obralis","027a3de7-6369-4b1e-97f7-14f8509bf2ac","presupuestar sin saber los metros","Hola,

Una pregunta rápida: ¿cuántas visitas de medición hacéis al mes para reformas que luego no salen?

He montado una herramienta para eso. El cliente contesta en tu web unas preguntas (metros, estancias, calidades y cuánto quiere invertir) y te llega una estimación antes de mover el coche.

Así se ve: https://presupuestos.nico-soto.es/demo/obralis

¿Te encaja o lo estoy enfocando mal? Si no te interesa, dímelo y no vuelvo a escribir.

Nico Soto
nico-soto.es","Hola, he preparado un simulador de presupuestos para la web de Obralis: el cliente elige tipo de obra, metros y calidades, ve un precio orientativo y te escribe ya sabiendo cuánto cuesta. Ya está montado con tu nombre: https://presupuestos.nico-soto.es/demo/obralis — ¿Hoy te llegan más clientes por tu web o por plataformas? Nico Soto · nico-soto.es"
"53","lote4","primer","Mesform Interiorismo","http://mesform.es","https://presupuestos.nico-soto.es/demo/mesform","mesform","f91f8b62-c4d3-4c3b-98a9-6ba6882d2441","he probado tu formulario","Hola,

Entré en tu web a ver cómo se pide presupuesto (no te envié nada, tranquilo). Estoy montando algo para empresas de reformas y quería ver cómo lo hacéis.

La idea es que el cliente, en vez de dejar solo nombre y teléfono, conteste metros, estancias, calidades y presupuesto, y a ti te llegue una estimación antes de la visita.

Así se ve: https://presupuestos.nico-soto.es/demo/mesform

¿Te serviría o me estoy equivocando? Si no te interesa, dímelo y no vuelvo a escribir.

Nico Soto
nico-soto.es","Hola, he preparado un simulador de presupuestos para la web de Mesform Interiorismo: el cliente elige tipo de obra, metros y calidades, ve un precio orientativo y te escribe ya sabiendo cuánto cuesta. Ya está montado con tu nombre: https://presupuestos.nico-soto.es/demo/mesform — ¿Hoy te llegan más clientes por tu web o por plataformas? Nico Soto · nico-soto.es"
"54","lote4","rescate","Tres i Tres Interiorismo","http://3itres.com","https://presupuestos.nico-soto.es/demo/tres-i-tres","tres-i-tres","dc0eb71f-4008-4909-bc5c-56bc15ccbdc5","Simulador de presupuestos para tu web","Hola,

Te escribí por email hace unos días y no sé si te llegó, así que te lo dejo también por aquí.

He preparado un simulador de presupuestos para la web de Tres i Tres Interiorismo: el cliente elige tipo de obra, metros y calidades, ve un precio orientativo y te escribe ya sabiendo cuánto cuesta. Ya está montado con tu nombre:
https://presupuestos.nico-soto.es/demo/tres-i-tres

Son dos minutos. ¿Hoy te llegan más clientes por tu web o por plataformas?

Nico Soto
nico-soto.es","Hola, he preparado un simulador de presupuestos para la web de Tres i Tres Interiorismo: el cliente elige tipo de obra, metros y calidades, ve un precio orientativo y te escribe ya sabiendo cuánto cuesta. Ya está montado con tu nombre: https://presupuestos.nico-soto.es/demo/tres-i-tres — ¿Hoy te llegan más clientes por tu web o por plataformas? Nico Soto · nico-soto.es"
"56","lote4","rescate","M&A Instaladores","https://myainstaladores.com","https://presupuestos.nico-soto.es/demo/mya-instaladores","mya-instaladores","ca3bf261-45f1-4edd-b6ce-79cdc28885f1","Simulador de presupuestos para tu web","Hola,

Te escribí por email hace unos días y no sé si te llegó, así que te lo dejo también por aquí.

He preparado un simulador de presupuestos para la web de M&A Instaladores: el cliente elige tipo de obra, metros y calidades, ve un precio orientativo y te escribe ya sabiendo cuánto cuesta. Ya está montado con tu nombre:
https://presupuestos.nico-soto.es/demo/mya-instaladores

Son dos minutos. ¿Hoy te llegan más clientes por tu web o por plataformas?

Nico Soto
nico-soto.es","Hola, he preparado un simulador de presupuestos para la web de M&A Instaladores: el cliente elige tipo de obra, metros y calidades, ve un precio orientativo y te escribe ya sabiendo cuánto cuesta. Ya está montado con tu nombre: https://presupuestos.nico-soto.es/demo/mya-instaladores — ¿Hoy te llegan más clientes por tu web o por plataformas? Nico Soto · nico-soto.es"
"57","lote4","rescate","Vimoa","http://www.vimoa.es","https://presupuestos.nico-soto.es/demo/vimoa","vimoa","2704b854-3d24-4c85-b8f5-de5f7abe78c9","Simulador de presupuestos para tu web","Hola,

Te escribí por email hace unos días y no sé si te llegó, así que te lo dejo también por aquí.

He preparado un simulador de presupuestos para la web de Vimoa: el cliente elige tipo de obra, metros y calidades, ve un precio orientativo y te escribe ya sabiendo cuánto cuesta. Ya está montado con tu nombre:
https://presupuestos.nico-soto.es/demo/vimoa

Son dos minutos. ¿Hoy te llegan más clientes por tu web o por plataformas?

Nico Soto
nico-soto.es","Hola, he preparado un simulador de presupuestos para la web de Vimoa: el cliente elige tipo de obra, metros y calidades, ve un precio orientativo y te escribe ya sabiendo cuánto cuesta. Ya está montado con tu nombre: https://presupuestos.nico-soto.es/demo/vimoa — ¿Hoy te llegan más clientes por tu web o por plataformas? Nico Soto · nico-soto.es"
"59","lote4","primer","Construcciones y Reformas Salvicar","http://www.salvicar.com","https://presupuestos.nico-soto.es/demo/salvicar","salvicar","0c58644f-0116-4e46-ad06-68d3b229318f","nombre, email y un captcha","Hola,

Vi que para pedirte presupuesto el cliente deja nombre, email y un mensaje, y antes tiene que resolver un captcha.

Estoy montando una herramienta para empresas de reformas: el cliente contesta en tu web metros, estancias, calidades y cuánto quiere invertir, y te llega una estimación antes de la visita.

Así se ve: https://presupuestos.nico-soto.es/demo/salvicar

¿Te encaja? Si no te interesa, dímelo y no vuelvo a escribir.

Nico Soto
nico-soto.es","Hola, he preparado un simulador de presupuestos para la web de Construcciones y Reformas Salvicar: el cliente elige tipo de obra, metros y calidades, ve un precio orientativo y te escribe ya sabiendo cuánto cuesta. Ya está montado con tu nombre: https://presupuestos.nico-soto.es/demo/salvicar — ¿Hoy te llegan más clientes por tu web o por plataformas? Nico Soto · nico-soto.es"
"61","madrid1","rescate","Reformas Blancor","https://reformasblancor.es","https://presupuestos.nico-soto.es/demo/reformas-blancor","reformas-blancor","f23a6325-ea25-4e72-9943-b3578c01a3c1","Simulador de presupuestos para tu web","Hola,

Te escribí por email hace unos días y no sé si te llegó, así que te lo dejo también por aquí.

He preparado un simulador de presupuestos para la web de Reformas Blancor: el cliente elige tipo de obra, metros y calidades, ve un precio orientativo y te escribe ya sabiendo cuánto cuesta. Ya está montado con tu nombre:
https://presupuestos.nico-soto.es/demo/reformas-blancor

Son dos minutos. ¿Hoy te llegan más clientes por tu web o por plataformas?

Nico Soto
nico-soto.es","Hola, he preparado un simulador de presupuestos para la web de Reformas Blancor: el cliente elige tipo de obra, metros y calidades, ve un precio orientativo y te escribe ya sabiendo cuánto cuesta. Ya está montado con tu nombre: https://presupuestos.nico-soto.es/demo/reformas-blancor — ¿Hoy te llegan más clientes por tu web o por plataformas? Nico Soto · nico-soto.es"
"62","madrid1","primer","Varada Reformas","https://varada.es","https://presupuestos.nico-soto.es/demo/varada","varada","13d3859a-cbcb-4a64-94f4-6f732f29f294","presupuestar sin saber los metros","Hola,

Una pregunta rápida: ¿cuántas visitas de medición hacéis al mes para reformas que luego no salen?

He montado una herramienta para eso. El cliente contesta en tu web unas preguntas (metros, estancias, calidades y cuánto quiere invertir) y te llega una estimación antes de mover el coche.

Así se ve: https://presupuestos.nico-soto.es/demo/varada

¿Te encaja o lo estoy enfocando mal? Si no te interesa, dímelo y no vuelvo a escribir.

Nico Soto
nico-soto.es","Hola, he preparado un simulador de presupuestos para la web de Varada Reformas: el cliente elige tipo de obra, metros y calidades, ve un precio orientativo y te escribe ya sabiendo cuánto cuesta. Ya está montado con tu nombre: https://presupuestos.nico-soto.es/demo/varada — ¿Hoy te llegan más clientes por tu web o por plataformas? Nico Soto · nico-soto.es"
"64","madrid1","rescate","Construcciones J.D.M.","https://construccionesjdm.com","https://presupuestos.nico-soto.es/demo/construcciones-jdm","construcciones-jdm","2201dad4-78d1-444b-9f65-85527f6581fa","Simulador de presupuestos para tu web","Hola,

Te escribí por email hace unos días y no sé si te llegó, así que te lo dejo también por aquí.

He preparado un simulador de presupuestos para la web de Construcciones J.D.M.: el cliente elige tipo de obra, metros y calidades, ve un precio orientativo y te escribe ya sabiendo cuánto cuesta. Ya está montado con tu nombre:
https://presupuestos.nico-soto.es/demo/construcciones-jdm

Son dos minutos. ¿Hoy te llegan más clientes por tu web o por plataformas?

Nico Soto
nico-soto.es","Hola, he preparado un simulador de presupuestos para la web de Construcciones J.D.M.: el cliente elige tipo de obra, metros y calidades, ve un precio orientativo y te escribe ya sabiendo cuánto cuesta. Ya está montado con tu nombre: https://presupuestos.nico-soto.es/demo/construcciones-jdm — ¿Hoy te llegan más clientes por tu web o por plataformas? Nico Soto · nico-soto.es"
"66","madrid1","rescate","Quality Reform","https://qualityreform.com","https://presupuestos.nico-soto.es/demo/quality-reform","quality-reform","6eab606f-ef70-4c76-837f-8abd436c32b6","Simulador de presupuestos para tu web","Hola,

Te escribí por email hace unos días y no sé si te llegó, así que te lo dejo también por aquí.

He preparado un simulador de presupuestos para la web de Quality Reform: el cliente elige tipo de obra, metros y calidades, ve un precio orientativo y te escribe ya sabiendo cuánto cuesta. Ya está montado con tu nombre:
https://presupuestos.nico-soto.es/demo/quality-reform

Son dos minutos. ¿Hoy te llegan más clientes por tu web o por plataformas?

Nico Soto
nico-soto.es","Hola, he preparado un simulador de presupuestos para la web de Quality Reform: el cliente elige tipo de obra, metros y calidades, ve un precio orientativo y te escribe ya sabiendo cuánto cuesta. Ya está montado con tu nombre: https://presupuestos.nico-soto.es/demo/quality-reform — ¿Hoy te llegan más clientes por tu web o por plataformas? Nico Soto · nico-soto.es"
"67","madrid1","rescate","Iasa Design","https://www.iasadesign.com","https://presupuestos.nico-soto.es/demo/iasa-design","iasa-design","186474ef-e91d-474a-9576-5883d478fb30","Simulador de presupuestos para tu web","Hola,

Te escribí por email hace unos días y no sé si te llegó, así que te lo dejo también por aquí.

He preparado un simulador de presupuestos para la web de Iasa Design: el cliente elige tipo de obra, metros y calidades, ve un precio orientativo y te escribe ya sabiendo cuánto cuesta. Ya está montado con tu nombre:
https://presupuestos.nico-soto.es/demo/iasa-design

Son dos minutos. ¿Hoy te llegan más clientes por tu web o por plataformas?

Nico Soto
nico-soto.es","Hola, he preparado un simulador de presupuestos para la web de Iasa Design: el cliente elige tipo de obra, metros y calidades, ve un precio orientativo y te escribe ya sabiendo cuánto cuesta. Ya está montado con tu nombre: https://presupuestos.nico-soto.es/demo/iasa-design — ¿Hoy te llegan más clientes por tu web o por plataformas? Nico Soto · nico-soto.es"
"69","madrid1","rescate","Reformas El Baúl","https://www.reformaselbaul.com","https://presupuestos.nico-soto.es/demo/reformas-el-baul","reformas-el-baul","91094e67-12f8-40cb-995f-413c0d3aa486","Simulador de presupuestos para tu web","Hola,

Te escribí por email hace unos días y no sé si te llegó, así que te lo dejo también por aquí.

He preparado un simulador de presupuestos para la web de Reformas El Baúl: el cliente elige tipo de obra, metros y calidades, ve un precio orientativo y te escribe ya sabiendo cuánto cuesta. Ya está montado con tu nombre:
https://presupuestos.nico-soto.es/demo/reformas-el-baul

Son dos minutos. ¿Hoy te llegan más clientes por tu web o por plataformas?

Nico Soto
nico-soto.es","Hola, he preparado un simulador de presupuestos para la web de Reformas El Baúl: el cliente elige tipo de obra, metros y calidades, ve un precio orientativo y te escribe ya sabiendo cuánto cuesta. Ya está montado con tu nombre: https://presupuestos.nico-soto.es/demo/reformas-el-baul — ¿Hoy te llegan más clientes por tu web o por plataformas? Nico Soto · nico-soto.es"
"70","madrid1","rescate","Reformas AlcoMad","https://www.reformasalcomad.es","https://presupuestos.nico-soto.es/demo/reformas-alcomad","reformas-alcomad","50eb7e6e-8271-4a18-b20a-8608b69e0a4d","Simulador de presupuestos para tu web","Hola,

Te escribí por email hace unos días y no sé si te llegó, así que te lo dejo también por aquí.

He preparado un simulador de presupuestos para la web de Reformas AlcoMad: el cliente elige tipo de obra, metros y calidades, ve un precio orientativo y te escribe ya sabiendo cuánto cuesta. Ya está montado con tu nombre:
https://presupuestos.nico-soto.es/demo/reformas-alcomad

Son dos minutos. ¿Hoy te llegan más clientes por tu web o por plataformas?

Nico Soto
nico-soto.es","Hola, he preparado un simulador de presupuestos para la web de Reformas AlcoMad: el cliente elige tipo de obra, metros y calidades, ve un precio orientativo y te escribe ya sabiendo cuánto cuesta. Ya está montado con tu nombre: https://presupuestos.nico-soto.es/demo/reformas-alcomad — ¿Hoy te llegan más clientes por tu web o por plataformas? Nico Soto · nico-soto.es"
"71","madrid1","rescate","Reformas Marian","https://reformasmarian.es","https://presupuestos.nico-soto.es/demo/reformas-marian","reformas-marian","36946e29-6c4c-4dff-9716-1f8cc1328354","Simulador de presupuestos para tu web","Hola,

Te escribí por email hace unos días y no sé si te llegó, así que te lo dejo también por aquí.

He preparado un simulador de presupuestos para la web de Reformas Marian: el cliente elige tipo de obra, metros y calidades, ve un precio orientativo y te escribe ya sabiendo cuánto cuesta. Ya está montado con tu nombre:
https://presupuestos.nico-soto.es/demo/reformas-marian

Son dos minutos. ¿Hoy te llegan más clientes por tu web o por plataformas?

Nico Soto
nico-soto.es","Hola, he preparado un simulador de presupuestos para la web de Reformas Marian: el cliente elige tipo de obra, metros y calidades, ve un precio orientativo y te escribe ya sabiendo cuánto cuesta. Ya está montado con tu nombre: https://presupuestos.nico-soto.es/demo/reformas-marian — ¿Hoy te llegan más clientes por tu web o por plataformas? Nico Soto · nico-soto.es"
"72","madrid1","rescate","Support Home","https://supporthome.es","https://presupuestos.nico-soto.es/demo/support-home","support-home","3c006bfe-ffe2-4d59-a27b-0aff42e69c4e","Simulador de presupuestos para tu web","Hola,

Te escribí por email hace unos días y no sé si te llegó, así que te lo dejo también por aquí.

He preparado un simulador de presupuestos para la web de Support Home: el cliente elige tipo de obra, metros y calidades, ve un precio orientativo y te escribe ya sabiendo cuánto cuesta. Ya está montado con tu nombre:
https://presupuestos.nico-soto.es/demo/support-home

Son dos minutos. ¿Hoy te llegan más clientes por tu web o por plataformas?

Nico Soto
nico-soto.es","Hola, he preparado un simulador de presupuestos para la web de Support Home: el cliente elige tipo de obra, metros y calidades, ve un precio orientativo y te escribe ya sabiendo cuánto cuesta. Ya está montado con tu nombre: https://presupuestos.nico-soto.es/demo/support-home — ¿Hoy te llegan más clientes por tu web o por plataformas? Nico Soto · nico-soto.es"
"74","madrid1","rescate","Reformas Vegam","https://www.reformasvegam.es","https://presupuestos.nico-soto.es/demo/reformas-vegam","reformas-vegam","5a57cef9-75bb-4bf3-bcf4-ce791fe3748c","Simulador de presupuestos para tu web","Hola,

Te escribí por email hace unos días y no sé si te llegó, así que te lo dejo también por aquí.

He preparado un simulador de presupuestos para la web de Reformas Vegam: el cliente elige tipo de obra, metros y calidades, ve un precio orientativo y te escribe ya sabiendo cuánto cuesta. Ya está montado con tu nombre:
https://presupuestos.nico-soto.es/demo/reformas-vegam

Son dos minutos. ¿Hoy te llegan más clientes por tu web o por plataformas?

Nico Soto
nico-soto.es","Hola, he preparado un simulador de presupuestos para la web de Reformas Vegam: el cliente elige tipo de obra, metros y calidades, ve un precio orientativo y te escribe ya sabiendo cuánto cuesta. Ya está montado con tu nombre: https://presupuestos.nico-soto.es/demo/reformas-vegam — ¿Hoy te llegan más clientes por tu web o por plataformas? Nico Soto · nico-soto.es"
"76","madrid2","rescate","Construcciones J.D.M.","https://construccionesjdm.com/","https://presupuestos.nico-soto.es/demo/construcciones-jdm","construcciones-jdm","2201dad4-78d1-444b-9f65-85527f6581fa","Simulador de presupuestos para tu web","Hola,

Te escribí por email hace unos días y no sé si te llegó, así que te lo dejo también por aquí.

He preparado un simulador de presupuestos para la web de Construcciones J.D.M.: el cliente elige tipo de obra, metros y calidades, ve un precio orientativo y te escribe ya sabiendo cuánto cuesta. Ya está montado con tu nombre:
https://presupuestos.nico-soto.es/demo/construcciones-jdm

Son dos minutos. ¿Hoy te llegan más clientes por tu web o por plataformas?

Nico Soto
nico-soto.es","Hola, he preparado un simulador de presupuestos para la web de Construcciones J.D.M.: el cliente elige tipo de obra, metros y calidades, ve un precio orientativo y te escribe ya sabiendo cuánto cuesta. Ya está montado con tu nombre: https://presupuestos.nico-soto.es/demo/construcciones-jdm — ¿Hoy te llegan más clientes por tu web o por plataformas? Nico Soto · nico-soto.es"
"77","madrid2","rescate","Quality Reform","http://qualityreform.com/","https://presupuestos.nico-soto.es/demo/quality-reform","quality-reform","6eab606f-ef70-4c76-837f-8abd436c32b6","Simulador de presupuestos para tu web","Hola,

Te escribí por email hace unos días y no sé si te llegó, así que te lo dejo también por aquí.

He preparado un simulador de presupuestos para la web de Quality Reform: el cliente elige tipo de obra, metros y calidades, ve un precio orientativo y te escribe ya sabiendo cuánto cuesta. Ya está montado con tu nombre:
https://presupuestos.nico-soto.es/demo/quality-reform

Son dos minutos. ¿Hoy te llegan más clientes por tu web o por plataformas?

Nico Soto
nico-soto.es","Hola, he preparado un simulador de presupuestos para la web de Quality Reform: el cliente elige tipo de obra, metros y calidades, ve un precio orientativo y te escribe ya sabiendo cuánto cuesta. Ya está montado con tu nombre: https://presupuestos.nico-soto.es/demo/quality-reform — ¿Hoy te llegan más clientes por tu web o por plataformas? Nico Soto · nico-soto.es"
"80","madrid2","rescate","Reformas Vegam","https://www.reformasvegam.es/","https://presupuestos.nico-soto.es/demo/reformas-vegam","reformas-vegam","5a57cef9-75bb-4bf3-bcf4-ce791fe3748c","Simulador de presupuestos para tu web","Hola,

Te escribí por email hace unos días y no sé si te llegó, así que te lo dejo también por aquí.

He preparado un simulador de presupuestos para la web de Reformas Vegam: el cliente elige tipo de obra, metros y calidades, ve un precio orientativo y te escribe ya sabiendo cuánto cuesta. Ya está montado con tu nombre:
https://presupuestos.nico-soto.es/demo/reformas-vegam

Son dos minutos. ¿Hoy te llegan más clientes por tu web o por plataformas?

Nico Soto
nico-soto.es","Hola, he preparado un simulador de presupuestos para la web de Reformas Vegam: el cliente elige tipo de obra, metros y calidades, ve un precio orientativo y te escribe ya sabiendo cuánto cuesta. Ya está montado con tu nombre: https://presupuestos.nico-soto.es/demo/reformas-vegam — ¿Hoy te llegan más clientes por tu web o por plataformas? Nico Soto · nico-soto.es"
"81","madrid2","rescate","Refordomus Obras y Servicios","https://refordomus.es/","https://presupuestos.nico-soto.es/demo/refordomus","refordomus","59949f2c-29d9-474b-b132-e639c6515c7e","Simulador de presupuestos para tu web","Hola,

Te escribí por email hace unos días y no sé si te llegó, así que te lo dejo también por aquí.

He preparado un simulador de presupuestos para la web de Refordomus Obras y Servicios: el cliente elige tipo de obra, metros y calidades, ve un precio orientativo y te escribe ya sabiendo cuánto cuesta. Ya está montado con tu nombre:
https://presupuestos.nico-soto.es/demo/refordomus

Son dos minutos. ¿Hoy te llegan más clientes por tu web o por plataformas?

Nico Soto
nico-soto.es","Hola, he preparado un simulador de presupuestos para la web de Refordomus Obras y Servicios: el cliente elige tipo de obra, metros y calidades, ve un precio orientativo y te escribe ya sabiendo cuánto cuesta. Ya está montado con tu nombre: https://presupuestos.nico-soto.es/demo/refordomus — ¿Hoy te llegan más clientes por tu web o por plataformas? Nico Soto · nico-soto.es"
"82","madrid2","primer","Rehabiliti","https://rehabiliti.com/","https://presupuestos.nico-soto.es/demo/rehabiliti","rehabiliti","532e2b48-6c72-46c6-997c-3fb9294105f7","¿Pagas por leads que reciben 4?","Hola,

¿Cuántas visitas y presupuestos haces a clientes que luego no contestan, o que solo querían comparar precio? Y si el contacto viene de Habitissimo o Cronoshare, encima lo has pagado y lo tienen otras tres empresas.

He preparado un simulador para la web de Rehabiliti: el cliente elige tipo de obra, metros y calidades, ve un precio orientativo y te escribe ya sabiendo cuánto cuesta. Ese contacto es solo tuyo.

Ya está montado con tu nombre y tus servicios (reformas integrales de viviendas):
https://presupuestos.nico-soto.es/demo/rehabiliti

¿Hoy te llegan más clientes por tu web o por plataformas?

Nico Soto
nico-soto.es","Hola, he preparado un simulador de presupuestos para la web de Rehabiliti: el cliente elige tipo de obra, metros y calidades, ve un precio orientativo y te escribe ya sabiendo cuánto cuesta. Ya está montado con tu nombre: https://presupuestos.nico-soto.es/demo/rehabiliti — ¿Hoy te llegan más clientes por tu web o por plataformas? Nico Soto · nico-soto.es"
"83","madrid2","rescate","ReformaX","https://reformax.es/","https://presupuestos.nico-soto.es/demo/reformax","reformax","fe4f22fe-c7e9-4cc4-93e2-1781871aa32c","Simulador de presupuestos para tu web","Hola,

Te escribí por email hace unos días y no sé si te llegó, así que te lo dejo también por aquí.

He preparado un simulador de presupuestos para la web de ReformaX: el cliente elige tipo de obra, metros y calidades, ve un precio orientativo y te escribe ya sabiendo cuánto cuesta. Ya está montado con tu nombre:
https://presupuestos.nico-soto.es/demo/reformax

Son dos minutos. ¿Hoy te llegan más clientes por tu web o por plataformas?

Nico Soto
nico-soto.es","Hola, he preparado un simulador de presupuestos para la web de ReformaX: el cliente elige tipo de obra, metros y calidades, ve un precio orientativo y te escribe ya sabiendo cuánto cuesta. Ya está montado con tu nombre: https://presupuestos.nico-soto.es/demo/reformax — ¿Hoy te llegan más clientes por tu web o por plataformas? Nico Soto · nico-soto.es"
"85","madrid2","rescate","Reformas Europa","https://www.reformaseuropa.es/","https://presupuestos.nico-soto.es/demo/reformas-europa","reformas-europa","353183ca-3b8e-4176-9ddd-f2fa76c4fd38","Simulador de presupuestos para tu web","Hola,

Te escribí por email hace unos días y no sé si te llegó, así que te lo dejo también por aquí.

He preparado un simulador de presupuestos para la web de Reformas Europa: el cliente elige tipo de obra, metros y calidades, ve un precio orientativo y te escribe ya sabiendo cuánto cuesta. Ya está montado con tu nombre:
https://presupuestos.nico-soto.es/demo/reformas-europa

Son dos minutos. ¿Hoy te llegan más clientes por tu web o por plataformas?

Nico Soto
nico-soto.es","Hola, he preparado un simulador de presupuestos para la web de Reformas Europa: el cliente elige tipo de obra, metros y calidades, ve un precio orientativo y te escribe ya sabiendo cuánto cuesta. Ya está montado con tu nombre: https://presupuestos.nico-soto.es/demo/reformas-europa — ¿Hoy te llegan más clientes por tu web o por plataformas? Nico Soto · nico-soto.es"
"86","madrid2","rescate","Reformas Integrales DecoJust","https://decojust.es/","https://presupuestos.nico-soto.es/demo/decojust","decojust","cacca187-12e7-4785-bb34-0bda186d27ff","Simulador de presupuestos para tu web","Hola,

Te escribí por email hace unos días y no sé si te llegó, así que te lo dejo también por aquí.

He preparado un simulador de presupuestos para la web de Reformas Integrales DecoJust: el cliente elige tipo de obra, metros y calidades, ve un precio orientativo y te escribe ya sabiendo cuánto cuesta. Ya está montado con tu nombre:
https://presupuestos.nico-soto.es/demo/decojust

Son dos minutos. ¿Hoy te llegan más clientes por tu web o por plataformas?

Nico Soto
nico-soto.es","Hola, he preparado un simulador de presupuestos para la web de Reformas Integrales DecoJust: el cliente elige tipo de obra, metros y calidades, ve un precio orientativo y te escribe ya sabiendo cuánto cuesta. Ya está montado con tu nombre: https://presupuestos.nico-soto.es/demo/decojust — ¿Hoy te llegan más clientes por tu web o por plataformas? Nico Soto · nico-soto.es"
"87","madrid2","rescate","Juropa Reformas","https://www.juropareformas.es/","https://presupuestos.nico-soto.es/demo/juropa","juropa","100133fd-25ed-4d76-b13c-f2e89ccce0c3","Simulador de presupuestos para tu web","Hola,

Te escribí por email hace unos días y no sé si te llegó, así que te lo dejo también por aquí.

He preparado un simulador de presupuestos para la web de Juropa Reformas: el cliente elige tipo de obra, metros y calidades, ve un precio orientativo y te escribe ya sabiendo cuánto cuesta. Ya está montado con tu nombre:
https://presupuestos.nico-soto.es/demo/juropa

Son dos minutos. ¿Hoy te llegan más clientes por tu web o por plataformas?

Nico Soto
nico-soto.es","Hola, he preparado un simulador de presupuestos para la web de Juropa Reformas: el cliente elige tipo de obra, metros y calidades, ve un precio orientativo y te escribe ya sabiendo cuánto cuesta. Ya está montado con tu nombre: https://presupuestos.nico-soto.es/demo/juropa — ¿Hoy te llegan más clientes por tu web o por plataformas? Nico Soto · nico-soto.es"
"88","madrid2","rescate","Fusión Reformas","https://fusionreformas.com/","https://presupuestos.nico-soto.es/demo/fusion-reformas","fusion-reformas","c558b8c5-7f7f-4f4a-8689-8085ec0740e2","Simulador de presupuestos para tu web","Hola,

Te escribí por email hace unos días y no sé si te llegó, así que te lo dejo también por aquí.

He preparado un simulador de presupuestos para la web de Fusión Reformas: el cliente elige tipo de obra, metros y calidades, ve un precio orientativo y te escribe ya sabiendo cuánto cuesta. Ya está montado con tu nombre:
https://presupuestos.nico-soto.es/demo/fusion-reformas

Son dos minutos. ¿Hoy te llegan más clientes por tu web o por plataformas?

Nico Soto
nico-soto.es","Hola, he preparado un simulador de presupuestos para la web de Fusión Reformas: el cliente elige tipo de obra, metros y calidades, ve un precio orientativo y te escribe ya sabiendo cuánto cuesta. Ya está montado con tu nombre: https://presupuestos.nico-soto.es/demo/fusion-reformas — ¿Hoy te llegan más clientes por tu web o por plataformas? Nico Soto · nico-soto.es"
"89","madrid2","rescate","Gesamarcos","https://www.gesamarcos.es/","https://presupuestos.nico-soto.es/demo/gesamarcos","gesamarcos","373e2880-5dc0-458a-9081-92be8a9d21c1","Simulador de presupuestos para tu web","Hola,

Te escribí por email hace unos días y no sé si te llegó, así que te lo dejo también por aquí.

He preparado un simulador de presupuestos para la web de Gesamarcos: el cliente elige tipo de obra, metros y calidades, ve un precio orientativo y te escribe ya sabiendo cuánto cuesta. Ya está montado con tu nombre:
https://presupuestos.nico-soto.es/demo/gesamarcos

Son dos minutos. ¿Hoy te llegan más clientes por tu web o por plataformas?

Nico Soto
nico-soto.es","Hola, he preparado un simulador de presupuestos para la web de Gesamarcos: el cliente elige tipo de obra, metros y calidades, ve un precio orientativo y te escribe ya sabiendo cuánto cuesta. Ya está montado con tu nombre: https://presupuestos.nico-soto.es/demo/gesamarcos — ¿Hoy te llegan más clientes por tu web o por plataformas? Nico Soto · nico-soto.es"
"91","madrid2","rescate","Reformas Sucon","https://reformassucon.com/","https://presupuestos.nico-soto.es/demo/reformas-sucon","reformas-sucon","e4bb593e-7dde-41f5-aee1-bb238225c831","Simulador de presupuestos para tu web","Hola,

Te escribí por email hace unos días y no sé si te llegó, así que te lo dejo también por aquí.

He preparado un simulador de presupuestos para la web de Reformas Sucon: el cliente elige tipo de obra, metros y calidades, ve un precio orientativo y te escribe ya sabiendo cuánto cuesta. Ya está montado con tu nombre:
https://presupuestos.nico-soto.es/demo/reformas-sucon

Son dos minutos. ¿Hoy te llegan más clientes por tu web o por plataformas?

Nico Soto
nico-soto.es","Hola, he preparado un simulador de presupuestos para la web de Reformas Sucon: el cliente elige tipo de obra, metros y calidades, ve un precio orientativo y te escribe ya sabiendo cuánto cuesta. Ya está montado con tu nombre: https://presupuestos.nico-soto.es/demo/reformas-sucon — ¿Hoy te llegan más clientes por tu web o por plataformas? Nico Soto · nico-soto.es"
"93","madrid2","rescate","HomeTailor","https://hometailor.es/","https://presupuestos.nico-soto.es/demo/hometailor","hometailor","8df91df0-d97e-41b0-9b93-fc648fa6d3f0","Simulador de presupuestos para tu web","Hola,

Te escribí por email hace unos días y no sé si te llegó, así que te lo dejo también por aquí.

He preparado un simulador de presupuestos para la web de HomeTailor: el cliente elige tipo de obra, metros y calidades, ve un precio orientativo y te escribe ya sabiendo cuánto cuesta. Ya está montado con tu nombre:
https://presupuestos.nico-soto.es/demo/hometailor

Son dos minutos. ¿Hoy te llegan más clientes por tu web o por plataformas?

Nico Soto
nico-soto.es","Hola, he preparado un simulador de presupuestos para la web de HomeTailor: el cliente elige tipo de obra, metros y calidades, ve un precio orientativo y te escribe ya sabiendo cuánto cuesta. Ya está montado con tu nombre: https://presupuestos.nico-soto.es/demo/hometailor — ¿Hoy te llegan más clientes por tu web o por plataformas? Nico Soto · nico-soto.es"
"94","madrid2","rescate","Integral DGM","https://reformainterior.es/","https://presupuestos.nico-soto.es/demo/integral-dgm","integral-dgm","83e718c0-77bf-4d0e-9024-5de819b584a9","Simulador de presupuestos para tu web","Hola,

Te escribí por email hace unos días y no sé si te llegó, así que te lo dejo también por aquí.

He preparado un simulador de presupuestos para la web de Integral DGM: el cliente elige tipo de obra, metros y calidades, ve un precio orientativo y te escribe ya sabiendo cuánto cuesta. Ya está montado con tu nombre:
https://presupuestos.nico-soto.es/demo/integral-dgm

Son dos minutos. ¿Hoy te llegan más clientes por tu web o por plataformas?

Nico Soto
nico-soto.es","Hola, he preparado un simulador de presupuestos para la web de Integral DGM: el cliente elige tipo de obra, metros y calidades, ve un precio orientativo y te escribe ya sabiendo cuánto cuesta. Ya está montado con tu nombre: https://presupuestos.nico-soto.es/demo/integral-dgm — ¿Hoy te llegan más clientes por tu web o por plataformas? Nico Soto · nico-soto.es"
"95","madrid2","rescate","Waris Reformas","https://warisreformas.com/","https://presupuestos.nico-soto.es/demo/waris-reformas","waris-reformas","0b44d65d-4b8b-490b-ae0e-54f8ebaa7943","Simulador de presupuestos para tu web","Hola,

Te escribí por email hace unos días y no sé si te llegó, así que te lo dejo también por aquí.

He preparado un simulador de presupuestos para la web de Waris Reformas: el cliente elige tipo de obra, metros y calidades, ve un precio orientativo y te escribe ya sabiendo cuánto cuesta. Ya está montado con tu nombre:
https://presupuestos.nico-soto.es/demo/waris-reformas

Son dos minutos. ¿Hoy te llegan más clientes por tu web o por plataformas?

Nico Soto
nico-soto.es","Hola, he preparado un simulador de presupuestos para la web de Waris Reformas: el cliente elige tipo de obra, metros y calidades, ve un precio orientativo y te escribe ya sabiendo cuánto cuesta. Ya está montado con tu nombre: https://presupuestos.nico-soto.es/demo/waris-reformas — ¿Hoy te llegan más clientes por tu web o por plataformas? Nico Soto · nico-soto.es"
"96","madrid2","rescate","Construpolis","https://construpolis.net/","https://presupuestos.nico-soto.es/demo/construpolis","construpolis","cd7958a2-12ba-439f-9739-a97db4e5beb7","Simulador de presupuestos para tu web","Hola,

Te escribí por email hace unos días y no sé si te llegó, así que te lo dejo también por aquí.

He preparado un simulador de presupuestos para la web de Construpolis: el cliente elige tipo de obra, metros y calidades, ve un precio orientativo y te escribe ya sabiendo cuánto cuesta. Ya está montado con tu nombre:
https://presupuestos.nico-soto.es/demo/construpolis

Son dos minutos. ¿Hoy te llegan más clientes por tu web o por plataformas?

Nico Soto
nico-soto.es","Hola, he preparado un simulador de presupuestos para la web de Construpolis: el cliente elige tipo de obra, metros y calidades, ve un precio orientativo y te escribe ya sabiendo cuánto cuesta. Ya está montado con tu nombre: https://presupuestos.nico-soto.es/demo/construpolis — ¿Hoy te llegan más clientes por tu web o por plataformas? Nico Soto · nico-soto.es"
"98","madrid2","rescate","Reformas Torrejón de Ardoz","https://reformastorrejondeardoz.com/","https://presupuestos.nico-soto.es/demo/reformas-torrejon","reformas-torrejon","78de5ea4-79f2-4cfb-bd95-a2068420853b","Simulador de presupuestos para tu web","Hola,

Te escribí por email hace unos días y no sé si te llegó, así que te lo dejo también por aquí.

He preparado un simulador de presupuestos para la web de Reformas Torrejón de Ardoz: el cliente elige tipo de obra, metros y calidades, ve un precio orientativo y te escribe ya sabiendo cuánto cuesta. Ya está montado con tu nombre:
https://presupuestos.nico-soto.es/demo/reformas-torrejon

Son dos minutos. ¿Hoy te llegan más clientes por tu web o por plataformas?

Nico Soto
nico-soto.es","Hola, he preparado un simulador de presupuestos para la web de Reformas Torrejón de Ardoz: el cliente elige tipo de obra, metros y calidades, ve un precio orientativo y te escribe ya sabiendo cuánto cuesta. Ya está montado con tu nombre: https://presupuestos.nico-soto.es/demo/reformas-torrejon — ¿Hoy te llegan más clientes por tu web o por plataformas? Nico Soto · nico-soto.es"
"99","madrid2","rescate","Jukave Construcciones y Reformas","https://cys-construccionesyreformasjukave.com/","https://presupuestos.nico-soto.es/demo/jukave","jukave","b9d24946-9eca-4f5e-9216-6b7ecf8036e7","Simulador de presupuestos para tu web","Hola,

Te escribí por email hace unos días y no sé si te llegó, así que te lo dejo también por aquí.

He preparado un simulador de presupuestos para la web de Jukave Construcciones y Reformas: el cliente elige tipo de obra, metros y calidades, ve un precio orientativo y te escribe ya sabiendo cuánto cuesta. Ya está montado con tu nombre:
https://presupuestos.nico-soto.es/demo/jukave

Son dos minutos. ¿Hoy te llegan más clientes por tu web o por plataformas?

Nico Soto
nico-soto.es","Hola, he preparado un simulador de presupuestos para la web de Jukave Construcciones y Reformas: el cliente elige tipo de obra, metros y calidades, ve un precio orientativo y te escribe ya sabiendo cuánto cuesta. Ya está montado con tu nombre: https://presupuestos.nico-soto.es/demo/jukave — ¿Hoy te llegan más clientes por tu web o por plataformas? Nico Soto · nico-soto.es"
"100","madrid2","rescate","Cocinas y Reformas Plaza","https://cocinasyreformasplaza.com/","https://presupuestos.nico-soto.es/demo/cocinas-plaza","cocinas-plaza","5a908018-237a-40d6-a3a0-9d1c370e3c2a","Simulador de presupuestos para tu web","Hola,

Te escribí por email hace unos días y no sé si te llegó, así que te lo dejo también por aquí.

He preparado un simulador de presupuestos para la web de Cocinas y Reformas Plaza: el cliente elige tipo de obra, metros y calidades, ve un precio orientativo y te escribe ya sabiendo cuánto cuesta. Ya está montado con tu nombre:
https://presupuestos.nico-soto.es/demo/cocinas-plaza

Son dos minutos. ¿Hoy te llegan más clientes por tu web o por plataformas?

Nico Soto
nico-soto.es","Hola, he preparado un simulador de presupuestos para la web de Cocinas y Reformas Plaza: el cliente elige tipo de obra, metros y calidades, ve un precio orientativo y te escribe ya sabiendo cuánto cuesta. Ya está montado con tu nombre: https://presupuestos.nico-soto.es/demo/cocinas-plaza — ¿Hoy te llegan más clientes por tu web o por plataformas? Nico Soto · nico-soto.es"
"101","madrid2","rescate","Caldisban","http://www.caldisban.com/","https://presupuestos.nico-soto.es/demo/caldisban","caldisban","7939c88c-8ce6-44de-82e6-d069f8435811","Simulador de presupuestos para tu web","Hola,

Te escribí por email hace unos días y no sé si te llegó, así que te lo dejo también por aquí.

He preparado un simulador de presupuestos para la web de Caldisban: el cliente elige tipo de obra, metros y calidades, ve un precio orientativo y te escribe ya sabiendo cuánto cuesta. Ya está montado con tu nombre:
https://presupuestos.nico-soto.es/demo/caldisban

Son dos minutos. ¿Hoy te llegan más clientes por tu web o por plataformas?

Nico Soto
nico-soto.es","Hola, he preparado un simulador de presupuestos para la web de Caldisban: el cliente elige tipo de obra, metros y calidades, ve un precio orientativo y te escribe ya sabiendo cuánto cuesta. Ya está montado con tu nombre: https://presupuestos.nico-soto.es/demo/caldisban — ¿Hoy te llegan más clientes por tu web o por plataformas? Nico Soto · nico-soto.es"
"102","madrid2","rescate","Pro Reforma","https://www.proreforma.es/","https://presupuestos.nico-soto.es/demo/pro-reforma","pro-reforma","8374d6ae-2ece-41b3-9243-156e96dec34e","Simulador de presupuestos para tu web","Hola,

Te escribí por email hace unos días y no sé si te llegó, así que te lo dejo también por aquí.

He preparado un simulador de presupuestos para la web de Pro Reforma: el cliente elige tipo de obra, metros y calidades, ve un precio orientativo y te escribe ya sabiendo cuánto cuesta. Ya está montado con tu nombre:
https://presupuestos.nico-soto.es/demo/pro-reforma

Son dos minutos. ¿Hoy te llegan más clientes por tu web o por plataformas?

Nico Soto
nico-soto.es","Hola, he preparado un simulador de presupuestos para la web de Pro Reforma: el cliente elige tipo de obra, metros y calidades, ve un precio orientativo y te escribe ya sabiendo cuánto cuesta. Ya está montado con tu nombre: https://presupuestos.nico-soto.es/demo/pro-reforma — ¿Hoy te llegan más clientes por tu web o por plataformas? Nico Soto · nico-soto.es"
"103","madrid2","rescate","Grupo García Romero e Hijos","https://www.reformasgarciaromero.es/","https://presupuestos.nico-soto.es/demo/garcia-romero","garcia-romero","80c36ea7-b04d-4901-97d7-a120a7d95d73","Simulador de presupuestos para tu web","Hola,

Te escribí por email hace unos días y no sé si te llegó, así que te lo dejo también por aquí.

He preparado un simulador de presupuestos para la web de Grupo García Romero e Hijos: el cliente elige tipo de obra, metros y calidades, ve un precio orientativo y te escribe ya sabiendo cuánto cuesta. Ya está montado con tu nombre:
https://presupuestos.nico-soto.es/demo/garcia-romero

Son dos minutos. ¿Hoy te llegan más clientes por tu web o por plataformas?

Nico Soto
nico-soto.es","Hola, he preparado un simulador de presupuestos para la web de Grupo García Romero e Hijos: el cliente elige tipo de obra, metros y calidades, ve un precio orientativo y te escribe ya sabiendo cuánto cuesta. Ya está montado con tu nombre: https://presupuestos.nico-soto.es/demo/garcia-romero — ¿Hoy te llegan más clientes por tu web o por plataformas? Nico Soto · nico-soto.es"
"105","madrid2","rescate","A-Reformas","http://www.areformas.es/","https://presupuestos.nico-soto.es/demo/a-reformas","a-reformas","686c0a72-105a-42c8-8c95-27856b11597a","Simulador de presupuestos para tu web","Hola,

Te escribí por email hace unos días y no sé si te llegó, así que te lo dejo también por aquí.

He preparado un simulador de presupuestos para la web de A-Reformas: el cliente elige tipo de obra, metros y calidades, ve un precio orientativo y te escribe ya sabiendo cuánto cuesta. Ya está montado con tu nombre:
https://presupuestos.nico-soto.es/demo/a-reformas

Son dos minutos. ¿Hoy te llegan más clientes por tu web o por plataformas?

Nico Soto
nico-soto.es","Hola, he preparado un simulador de presupuestos para la web de A-Reformas: el cliente elige tipo de obra, metros y calidades, ve un precio orientativo y te escribe ya sabiendo cuánto cuesta. Ya está montado con tu nombre: https://presupuestos.nico-soto.es/demo/a-reformas — ¿Hoy te llegan más clientes por tu web o por plataformas? Nico Soto · nico-soto.es"
"106","madrid2","rescate","CLC Reformas","https://clcreformas.com/","https://presupuestos.nico-soto.es/demo/clc-reformas","clc-reformas","71d5c776-f44d-43ba-a872-0a5df5f8de01","Simulador de presupuestos para tu web","Hola,

Te escribí por email hace unos días y no sé si te llegó, así que te lo dejo también por aquí.

He preparado un simulador de presupuestos para la web de CLC Reformas: el cliente elige tipo de obra, metros y calidades, ve un precio orientativo y te escribe ya sabiendo cuánto cuesta. Ya está montado con tu nombre:
https://presupuestos.nico-soto.es/demo/clc-reformas

Son dos minutos. ¿Hoy te llegan más clientes por tu web o por plataformas?

Nico Soto
nico-soto.es","Hola, he preparado un simulador de presupuestos para la web de CLC Reformas: el cliente elige tipo de obra, metros y calidades, ve un precio orientativo y te escribe ya sabiendo cuánto cuesta. Ya está montado con tu nombre: https://presupuestos.nico-soto.es/demo/clc-reformas — ¿Hoy te llegan más clientes por tu web o por plataformas? Nico Soto · nico-soto.es"
"109","madrid2","rescate","Reformas Vélez","https://reformasvelez.es/","https://presupuestos.nico-soto.es/demo/reformas-velez","reformas-velez","2f28b624-03cc-4736-b4a1-1c36ee11c8f9","Simulador de presupuestos para tu web","Hola,

Te escribí por email hace unos días y no sé si te llegó, así que te lo dejo también por aquí.

He preparado un simulador de presupuestos para la web de Reformas Vélez: el cliente elige tipo de obra, metros y calidades, ve un precio orientativo y te escribe ya sabiendo cuánto cuesta. Ya está montado con tu nombre:
https://presupuestos.nico-soto.es/demo/reformas-velez

Son dos minutos. ¿Hoy te llegan más clientes por tu web o por plataformas?

Nico Soto
nico-soto.es","Hola, he preparado un simulador de presupuestos para la web de Reformas Vélez: el cliente elige tipo de obra, metros y calidades, ve un precio orientativo y te escribe ya sabiendo cuánto cuesta. Ya está montado con tu nombre: https://presupuestos.nico-soto.es/demo/reformas-velez — ¿Hoy te llegan más clientes por tu web o por plataformas? Nico Soto · nico-soto.es"
"110","madrid2","rescate","Auge Reformas Madrid","https://augereformasmadrid.com/","https://presupuestos.nico-soto.es/demo/auge-reformas","auge-reformas","0d8106ca-eaab-45c0-af8a-f446388484c3","Simulador de presupuestos para tu web","Hola,

Te escribí por email hace unos días y no sé si te llegó, así que te lo dejo también por aquí.

He preparado un simulador de presupuestos para la web de Auge Reformas Madrid: el cliente elige tipo de obra, metros y calidades, ve un precio orientativo y te escribe ya sabiendo cuánto cuesta. Ya está montado con tu nombre:
https://presupuestos.nico-soto.es/demo/auge-reformas

Son dos minutos. ¿Hoy te llegan más clientes por tu web o por plataformas?

Nico Soto
nico-soto.es","Hola, he preparado un simulador de presupuestos para la web de Auge Reformas Madrid: el cliente elige tipo de obra, metros y calidades, ve un precio orientativo y te escribe ya sabiendo cuánto cuesta. Ya está montado con tu nombre: https://presupuestos.nico-soto.es/demo/auge-reformas — ¿Hoy te llegan más clientes por tu web o por plataformas? Nico Soto · nico-soto.es"
"112","madrid2","rescate","Hegasa Construcciones y Reformas","https://reformasintegralesmadridhegasa.com/","https://presupuestos.nico-soto.es/demo/hegasa","hegasa","c034ca1b-0b5d-485b-9d3e-9f5cc0a0a624","Simulador de presupuestos para tu web","Hola,

Te escribí por email hace unos días y no sé si te llegó, así que te lo dejo también por aquí.

He preparado un simulador de presupuestos para la web de Hegasa Construcciones y Reformas: el cliente elige tipo de obra, metros y calidades, ve un precio orientativo y te escribe ya sabiendo cuánto cuesta. Ya está montado con tu nombre:
https://presupuestos.nico-soto.es/demo/hegasa

Son dos minutos. ¿Hoy te llegan más clientes por tu web o por plataformas?

Nico Soto
nico-soto.es","Hola, he preparado un simulador de presupuestos para la web de Hegasa Construcciones y Reformas: el cliente elige tipo de obra, metros y calidades, ve un precio orientativo y te escribe ya sabiendo cuánto cuesta. Ya está montado con tu nombre: https://presupuestos.nico-soto.es/demo/hegasa — ¿Hoy te llegan más clientes por tu web o por plataformas? Nico Soto · nico-soto.es"
"114","madrid2","rescate","Decoración y Reformas Daniel","https://reformasdaniel.net/","https://presupuestos.nico-soto.es/demo/reformas-daniel","reformas-daniel","12368abc-9b56-4773-bad0-215d142cf7bc","Simulador de presupuestos para tu web","Hola,

Te escribí por email hace unos días y no sé si te llegó, así que te lo dejo también por aquí.

He preparado un simulador de presupuestos para la web de Decoración y Reformas Daniel: el cliente elige tipo de obra, metros y calidades, ve un precio orientativo y te escribe ya sabiendo cuánto cuesta. Ya está montado con tu nombre:
https://presupuestos.nico-soto.es/demo/reformas-daniel

Son dos minutos. ¿Hoy te llegan más clientes por tu web o por plataformas?

Nico Soto
nico-soto.es","Hola, he preparado un simulador de presupuestos para la web de Decoración y Reformas Daniel: el cliente elige tipo de obra, metros y calidades, ve un precio orientativo y te escribe ya sabiendo cuánto cuesta. Ya está montado con tu nombre: https://presupuestos.nico-soto.es/demo/reformas-daniel — ¿Hoy te llegan más clientes por tu web o por plataformas? Nico Soto · nico-soto.es"
"115","madrid2","rescate","MLC Trabajos Integrales","https://mlctrabajosintegrales.com/","https://presupuestos.nico-soto.es/demo/mlc","mlc","a7f8cc83-a747-4f6d-947e-7f10f858862e","Simulador de presupuestos para tu web","Hola,

Te escribí por email hace unos días y no sé si te llegó, así que te lo dejo también por aquí.

He preparado un simulador de presupuestos para la web de MLC Trabajos Integrales: el cliente elige tipo de obra, metros y calidades, ve un precio orientativo y te escribe ya sabiendo cuánto cuesta. Ya está montado con tu nombre:
https://presupuestos.nico-soto.es/demo/mlc

Son dos minutos. ¿Hoy te llegan más clientes por tu web o por plataformas?

Nico Soto
nico-soto.es","Hola, he preparado un simulador de presupuestos para la web de MLC Trabajos Integrales: el cliente elige tipo de obra, metros y calidades, ve un precio orientativo y te escribe ya sabiendo cuánto cuesta. Ya está montado con tu nombre: https://presupuestos.nico-soto.es/demo/mlc — ¿Hoy te llegan más clientes por tu web o por plataformas? Nico Soto · nico-soto.es"
"116","madrid3","rescate","Villarreal Decor","https://www.decormadrid.es/","https://presupuestos.nico-soto.es/demo/villarreal-decor","villarreal-decor","c3161ab9-f77e-4158-b8d1-f0175739634f","Simulador de presupuestos para tu web","Hola,

Te escribí por email hace unos días y no sé si te llegó, así que te lo dejo también por aquí.

He preparado un simulador de presupuestos para la web de Villarreal Decor: el cliente elige tipo de obra, metros y calidades, ve un precio orientativo y te escribe ya sabiendo cuánto cuesta. Ya está montado con tu nombre:
https://presupuestos.nico-soto.es/demo/villarreal-decor

Son dos minutos. ¿Hoy te llegan más clientes por tu web o por plataformas?

Nico Soto
nico-soto.es","Hola, he preparado un simulador de presupuestos para la web de Villarreal Decor: el cliente elige tipo de obra, metros y calidades, ve un precio orientativo y te escribe ya sabiendo cuánto cuesta. Ya está montado con tu nombre: https://presupuestos.nico-soto.es/demo/villarreal-decor — ¿Hoy te llegan más clientes por tu web o por plataformas? Nico Soto · nico-soto.es"
"117","madrid3","primer","Reformas TVM","http://reformastvm.es/","https://presupuestos.nico-soto.es/demo/reformas-tvm","reformas-tvm","54b23817-e2dc-477c-b3a7-ddcafcc7035e","Presupuestos que no te contestan","Hola,

¿Cuántas visitas y presupuestos haces a clientes que luego no contestan, o que solo querían comparar precio? Y si el contacto viene de Habitissimo o Cronoshare, encima lo has pagado y lo tienen otras tres empresas.

He preparado un simulador para la web de Reformas TVM: el cliente elige tipo de obra, metros y calidades, ve un precio orientativo y te escribe ya sabiendo cuánto cuesta. Ese contacto es solo tuyo.

Ya está montado con tu nombre y tus servicios (cocinas, baños y reformas integrales):
https://presupuestos.nico-soto.es/demo/reformas-tvm

¿Hoy te llegan más clientes por tu web o por plataformas?

Nico Soto
nico-soto.es","Hola, he preparado un simulador de presupuestos para la web de Reformas TVM: el cliente elige tipo de obra, metros y calidades, ve un precio orientativo y te escribe ya sabiendo cuánto cuesta. Ya está montado con tu nombre: https://presupuestos.nico-soto.es/demo/reformas-tvm — ¿Hoy te llegan más clientes por tu web o por plataformas? Nico Soto · nico-soto.es"
"118","madrid3","rescate","Protrux Reformas","https://www.protrux.es/","https://presupuestos.nico-soto.es/demo/protrux","protrux","cbc42e97-3e55-4d50-ac66-906e1deee0d0","Simulador de presupuestos para tu web","Hola,

Te escribí por email hace unos días y no sé si te llegó, así que te lo dejo también por aquí.

He preparado un simulador de presupuestos para la web de Protrux Reformas: el cliente elige tipo de obra, metros y calidades, ve un precio orientativo y te escribe ya sabiendo cuánto cuesta. Ya está montado con tu nombre:
https://presupuestos.nico-soto.es/demo/protrux

Son dos minutos. ¿Hoy te llegan más clientes por tu web o por plataformas?

Nico Soto
nico-soto.es","Hola, he preparado un simulador de presupuestos para la web de Protrux Reformas: el cliente elige tipo de obra, metros y calidades, ve un precio orientativo y te escribe ya sabiendo cuánto cuesta. Ya está montado con tu nombre: https://presupuestos.nico-soto.es/demo/protrux — ¿Hoy te llegan más clientes por tu web o por plataformas? Nico Soto · nico-soto.es"
"119","madrid3","rescate","Ramms Reform","https://www.rammsreform.es/","https://presupuestos.nico-soto.es/demo/ramms-reform","ramms-reform","2110747a-c46e-4756-9eab-44ff77d9583d","Simulador de presupuestos para tu web","Hola,

Te escribí por email hace unos días y no sé si te llegó, así que te lo dejo también por aquí.

He preparado un simulador de presupuestos para la web de Ramms Reform: el cliente elige tipo de obra, metros y calidades, ve un precio orientativo y te escribe ya sabiendo cuánto cuesta. Ya está montado con tu nombre:
https://presupuestos.nico-soto.es/demo/ramms-reform

Son dos minutos. ¿Hoy te llegan más clientes por tu web o por plataformas?

Nico Soto
nico-soto.es","Hola, he preparado un simulador de presupuestos para la web de Ramms Reform: el cliente elige tipo de obra, metros y calidades, ve un precio orientativo y te escribe ya sabiendo cuánto cuesta. Ya está montado con tu nombre: https://presupuestos.nico-soto.es/demo/ramms-reform — ¿Hoy te llegan más clientes por tu web o por plataformas? Nico Soto · nico-soto.es"
"120","madrid3","rescate","Akiando Reforma","https://www.akiandoreforma.com/","https://presupuestos.nico-soto.es/demo/akiando","akiando","34c4b100-beb9-4d3b-825d-1bd64c88594b","Simulador de presupuestos para tu web","Hola,

Te escribí por email hace unos días y no sé si te llegó, así que te lo dejo también por aquí.

He preparado un simulador de presupuestos para la web de Akiando Reforma: el cliente elige tipo de obra, metros y calidades, ve un precio orientativo y te escribe ya sabiendo cuánto cuesta. Ya está montado con tu nombre:
https://presupuestos.nico-soto.es/demo/akiando

Son dos minutos. ¿Hoy te llegan más clientes por tu web o por plataformas?

Nico Soto
nico-soto.es","Hola, he preparado un simulador de presupuestos para la web de Akiando Reforma: el cliente elige tipo de obra, metros y calidades, ve un precio orientativo y te escribe ya sabiendo cuánto cuesta. Ya está montado con tu nombre: https://presupuestos.nico-soto.es/demo/akiando — ¿Hoy te llegan más clientes por tu web o por plataformas? Nico Soto · nico-soto.es"
"121","madrid3","rescate","J&M Construcción","http://www.jmconstruccion.es/","https://presupuestos.nico-soto.es/demo/jm-construccion","jm-construccion","99785224-a75d-4ce3-a244-d7be9b8b1cdf","Simulador de presupuestos para tu web","Hola,

Te escribí por email hace unos días y no sé si te llegó, así que te lo dejo también por aquí.

He preparado un simulador de presupuestos para la web de J&M Construcción: el cliente elige tipo de obra, metros y calidades, ve un precio orientativo y te escribe ya sabiendo cuánto cuesta. Ya está montado con tu nombre:
https://presupuestos.nico-soto.es/demo/jm-construccion

Son dos minutos. ¿Hoy te llegan más clientes por tu web o por plataformas?

Nico Soto
nico-soto.es","Hola, he preparado un simulador de presupuestos para la web de J&M Construcción: el cliente elige tipo de obra, metros y calidades, ve un precio orientativo y te escribe ya sabiendo cuánto cuesta. Ya está montado con tu nombre: https://presupuestos.nico-soto.es/demo/jm-construccion — ¿Hoy te llegan más clientes por tu web o por plataformas? Nico Soto · nico-soto.es"
"122","madrid3","rescate","Reformas Cabacor","http://www.reformascabacor.es/","https://presupuestos.nico-soto.es/demo/reformas-cabacor","reformas-cabacor","a99d74b5-44c9-4fb6-bbbc-ebd9564c4192","Simulador de presupuestos para tu web","Hola,

Te escribí por email hace unos días y no sé si te llegó, así que te lo dejo también por aquí.

He preparado un simulador de presupuestos para la web de Reformas Cabacor: el cliente elige tipo de obra, metros y calidades, ve un precio orientativo y te escribe ya sabiendo cuánto cuesta. Ya está montado con tu nombre:
https://presupuestos.nico-soto.es/demo/reformas-cabacor

Son dos minutos. ¿Hoy te llegan más clientes por tu web o por plataformas?

Nico Soto
nico-soto.es","Hola, he preparado un simulador de presupuestos para la web de Reformas Cabacor: el cliente elige tipo de obra, metros y calidades, ve un precio orientativo y te escribe ya sabiendo cuánto cuesta. Ya está montado con tu nombre: https://presupuestos.nico-soto.es/demo/reformas-cabacor — ¿Hoy te llegan más clientes por tu web o por plataformas? Nico Soto · nico-soto.es"
"123","madrid3","rescate","Reformas Galo","https://reformasgalo.es/","https://presupuestos.nico-soto.es/demo/reformas-galo","reformas-galo","72141186-c50a-43b7-8ff9-6622f0df9da3","Simulador de presupuestos para tu web","Hola,

Te escribí por email hace unos días y no sé si te llegó, así que te lo dejo también por aquí.

He preparado un simulador de presupuestos para la web de Reformas Galo: el cliente elige tipo de obra, metros y calidades, ve un precio orientativo y te escribe ya sabiendo cuánto cuesta. Ya está montado con tu nombre:
https://presupuestos.nico-soto.es/demo/reformas-galo

Son dos minutos. ¿Hoy te llegan más clientes por tu web o por plataformas?

Nico Soto
nico-soto.es","Hola, he preparado un simulador de presupuestos para la web de Reformas Galo: el cliente elige tipo de obra, metros y calidades, ve un precio orientativo y te escribe ya sabiendo cuánto cuesta. Ya está montado con tu nombre: https://presupuestos.nico-soto.es/demo/reformas-galo — ¿Hoy te llegan más clientes por tu web o por plataformas? Nico Soto · nico-soto.es"
"125","madrid3","rescate","Reform You","https://reformyou.es/","https://presupuestos.nico-soto.es/demo/reform-you","reform-you","3665c79c-38d1-48ad-a97e-3e0db1e565a9","Simulador de presupuestos para tu web","Hola,

Te escribí por email hace unos días y no sé si te llegó, así que te lo dejo también por aquí.

He preparado un simulador de presupuestos para la web de Reform You: el cliente elige tipo de obra, metros y calidades, ve un precio orientativo y te escribe ya sabiendo cuánto cuesta. Ya está montado con tu nombre:
https://presupuestos.nico-soto.es/demo/reform-you

Son dos minutos. ¿Hoy te llegan más clientes por tu web o por plataformas?

Nico Soto
nico-soto.es","Hola, he preparado un simulador de presupuestos para la web de Reform You: el cliente elige tipo de obra, metros y calidades, ve un precio orientativo y te escribe ya sabiendo cuánto cuesta. Ya está montado con tu nombre: https://presupuestos.nico-soto.es/demo/reform-you — ¿Hoy te llegan más clientes por tu web o por plataformas? Nico Soto · nico-soto.es"
"128","madrid3","rescate","Reformas Verli","https://cys-reformasverli.com/","https://presupuestos.nico-soto.es/demo/reformas-verli","reformas-verli","4882bff0-e954-40f0-8f49-97140852987a","Simulador de presupuestos para tu web","Hola,

Te escribí por email hace unos días y no sé si te llegó, así que te lo dejo también por aquí.

He preparado un simulador de presupuestos para la web de Reformas Verli: el cliente elige tipo de obra, metros y calidades, ve un precio orientativo y te escribe ya sabiendo cuánto cuesta. Ya está montado con tu nombre:
https://presupuestos.nico-soto.es/demo/reformas-verli

Son dos minutos. ¿Hoy te llegan más clientes por tu web o por plataformas?

Nico Soto
nico-soto.es","Hola, he preparado un simulador de presupuestos para la web de Reformas Verli: el cliente elige tipo de obra, metros y calidades, ve un precio orientativo y te escribe ya sabiendo cuánto cuesta. Ya está montado con tu nombre: https://presupuestos.nico-soto.es/demo/reformas-verli — ¿Hoy te llegan más clientes por tu web o por plataformas? Nico Soto · nico-soto.es"
"129","madrid3","rescate","Reformas Marai","http://www.reformasmarai.com/","https://presupuestos.nico-soto.es/demo/reformas-marai","reformas-marai","7e42dd78-b36f-4e95-86a8-9398e4ddc425","Simulador de presupuestos para tu web","Hola,

Te escribí por email hace unos días y no sé si te llegó, así que te lo dejo también por aquí.

He preparado un simulador de presupuestos para la web de Reformas Marai: el cliente elige tipo de obra, metros y calidades, ve un precio orientativo y te escribe ya sabiendo cuánto cuesta. Ya está montado con tu nombre:
https://presupuestos.nico-soto.es/demo/reformas-marai

Son dos minutos. ¿Hoy te llegan más clientes por tu web o por plataformas?

Nico Soto
nico-soto.es","Hola, he preparado un simulador de presupuestos para la web de Reformas Marai: el cliente elige tipo de obra, metros y calidades, ve un precio orientativo y te escribe ya sabiendo cuánto cuesta. Ya está montado con tu nombre: https://presupuestos.nico-soto.es/demo/reformas-marai — ¿Hoy te llegan más clientes por tu web o por plataformas? Nico Soto · nico-soto.es"
"130","madrid3","rescate","Prialum Reformas","https://reformasprialum.es/","https://presupuestos.nico-soto.es/demo/prialum","prialum","5093cc57-fd5b-4c4f-8ad9-75799abaaedf","Simulador de presupuestos para tu web","Hola,

Te escribí por email hace unos días y no sé si te llegó, así que te lo dejo también por aquí.

He preparado un simulador de presupuestos para la web de Prialum Reformas: el cliente elige tipo de obra, metros y calidades, ve un precio orientativo y te escribe ya sabiendo cuánto cuesta. Ya está montado con tu nombre:
https://presupuestos.nico-soto.es/demo/prialum

Son dos minutos. ¿Hoy te llegan más clientes por tu web o por plataformas?

Nico Soto
nico-soto.es","Hola, he preparado un simulador de presupuestos para la web de Prialum Reformas: el cliente elige tipo de obra, metros y calidades, ve un precio orientativo y te escribe ya sabiendo cuánto cuesta. Ya está montado con tu nombre: https://presupuestos.nico-soto.es/demo/prialum — ¿Hoy te llegan más clientes por tu web o por plataformas? Nico Soto · nico-soto.es"
"131","madrid3","rescate","Duchaestilo","https://duchaestilo.com/","https://presupuestos.nico-soto.es/demo/duchaestilo","duchaestilo","6382f845-139c-4fda-88ea-c234d2a918d2","Simulador de presupuestos para tu web","Hola,

Te escribí por email hace unos días y no sé si te llegó, así que te lo dejo también por aquí.

He preparado un simulador de presupuestos para la web de Duchaestilo: el cliente elige tipo de obra, metros y calidades, ve un precio orientativo y te escribe ya sabiendo cuánto cuesta. Ya está montado con tu nombre:
https://presupuestos.nico-soto.es/demo/duchaestilo

Son dos minutos. ¿Hoy te llegan más clientes por tu web o por plataformas?

Nico Soto
nico-soto.es","Hola, he preparado un simulador de presupuestos para la web de Duchaestilo: el cliente elige tipo de obra, metros y calidades, ve un precio orientativo y te escribe ya sabiendo cuánto cuesta. Ya está montado con tu nombre: https://presupuestos.nico-soto.es/demo/duchaestilo — ¿Hoy te llegan más clientes por tu web o por plataformas? Nico Soto · nico-soto.es"
"132","madrid3","rescate","Novaintéria","http://www.novainteria.es/","https://presupuestos.nico-soto.es/demo/novainteria","novainteria","8b08e261-f4e6-400f-9004-01798baa746e","Simulador de presupuestos para tu web","Hola,

Te escribí por email hace unos días y no sé si te llegó, así que te lo dejo también por aquí.

He preparado un simulador de presupuestos para la web de Novaintéria: el cliente elige tipo de obra, metros y calidades, ve un precio orientativo y te escribe ya sabiendo cuánto cuesta. Ya está montado con tu nombre:
https://presupuestos.nico-soto.es/demo/novainteria

Son dos minutos. ¿Hoy te llegan más clientes por tu web o por plataformas?

Nico Soto
nico-soto.es","Hola, he preparado un simulador de presupuestos para la web de Novaintéria: el cliente elige tipo de obra, metros y calidades, ve un precio orientativo y te escribe ya sabiendo cuánto cuesta. Ya está montado con tu nombre: https://presupuestos.nico-soto.es/demo/novainteria — ¿Hoy te llegan más clientes por tu web o por plataformas? Nico Soto · nico-soto.es"
"133","madrid3","primer","Reformas Excot","https://reformasexcot.com/","https://presupuestos.nico-soto.es/demo/excot","excot","10e8efeb-48bf-4ca0-839e-fd5bc209dedf","¿Pagas por leads que reciben 4?","Hola,

¿Cuántas visitas y presupuestos haces a clientes que luego no contestan, o que solo querían comparar precio? Y si el contacto viene de Habitissimo o Cronoshare, encima lo has pagado y lo tienen otras tres empresas.

He preparado un simulador para la web de Reformas Excot: el cliente elige tipo de obra, metros y calidades, ve un precio orientativo y te escribe ya sabiendo cuánto cuesta. Ese contacto es solo tuyo.

Ya está montado con tu nombre y tus servicios (baños, cocinas y reformas integrales):
https://presupuestos.nico-soto.es/demo/excot

¿Hoy te llegan más clientes por tu web o por plataformas?

Nico Soto
nico-soto.es","Hola, he preparado un simulador de presupuestos para la web de Reformas Excot: el cliente elige tipo de obra, metros y calidades, ve un precio orientativo y te escribe ya sabiendo cuánto cuesta. Ya está montado con tu nombre: https://presupuestos.nico-soto.es/demo/excot — ¿Hoy te llegan más clientes por tu web o por plataformas? Nico Soto · nico-soto.es"
"134","madrid3","rescate","DCI Reformas Madrid","http://dcireformasmadrid.es/","https://presupuestos.nico-soto.es/demo/dci-reformas","dci-reformas","5824e7a8-320f-492b-8d8d-a35c44c9ecfc","Simulador de presupuestos para tu web","Hola,

Te escribí por email hace unos días y no sé si te llegó, así que te lo dejo también por aquí.

He preparado un simulador de presupuestos para la web de DCI Reformas Madrid: el cliente elige tipo de obra, metros y calidades, ve un precio orientativo y te escribe ya sabiendo cuánto cuesta. Ya está montado con tu nombre:
https://presupuestos.nico-soto.es/demo/dci-reformas

Son dos minutos. ¿Hoy te llegan más clientes por tu web o por plataformas?

Nico Soto
nico-soto.es","Hola, he preparado un simulador de presupuestos para la web de DCI Reformas Madrid: el cliente elige tipo de obra, metros y calidades, ve un precio orientativo y te escribe ya sabiendo cuánto cuesta. Ya está montado con tu nombre: https://presupuestos.nico-soto.es/demo/dci-reformas — ¿Hoy te llegan más clientes por tu web o por plataformas? Nico Soto · nico-soto.es"
"135","madrid3","primer","Arte en Baño","http://www.arteenbano.es/","https://presupuestos.nico-soto.es/demo/arte-en-bano","arte-en-bano","3895fc27-5dc9-4b18-b1e9-b3301026dc13","Presupuestos que no te contestan","Hola,

¿Cuántas visitas y presupuestos haces a clientes que luego no contestan, o que solo querían comparar precio? Y si el contacto viene de Habitissimo o Cronoshare, encima lo has pagado y lo tienen otras tres empresas.

He preparado un simulador para la web de Arte en Baño: el cliente elige tipo de obra, metros y calidades, ve un precio orientativo y te escribe ya sabiendo cuánto cuesta. Ese contacto es solo tuyo.

Ya está montado con tu nombre y tus servicios (baños y cocinas):
https://presupuestos.nico-soto.es/demo/arte-en-bano

¿Hoy te llegan más clientes por tu web o por plataformas?

Nico Soto
nico-soto.es","Hola, he preparado un simulador de presupuestos para la web de Arte en Baño: el cliente elige tipo de obra, metros y calidades, ve un precio orientativo y te escribe ya sabiendo cuánto cuesta. Ya está montado con tu nombre: https://presupuestos.nico-soto.es/demo/arte-en-bano — ¿Hoy te llegan más clientes por tu web o por plataformas? Nico Soto · nico-soto.es"
"136","madrid4","rescate","Arq & Reformas","http://www.tusreformas.com/","https://presupuestos.nico-soto.es/demo/arq-reformas","arq-reformas","5fd789f9-cb54-4c03-9af8-fe890c1b4b0f","Simulador de presupuestos para tu web","Hola,

Te escribí por email hace unos días y no sé si te llegó, así que te lo dejo también por aquí.

He preparado un simulador de presupuestos para la web de Arq & Reformas: el cliente elige tipo de obra, metros y calidades, ve un precio orientativo y te escribe ya sabiendo cuánto cuesta. Ya está montado con tu nombre:
https://presupuestos.nico-soto.es/demo/arq-reformas

Son dos minutos. ¿Hoy te llegan más clientes por tu web o por plataformas?

Nico Soto
nico-soto.es","Hola, he preparado un simulador de presupuestos para la web de Arq & Reformas: el cliente elige tipo de obra, metros y calidades, ve un precio orientativo y te escribe ya sabiendo cuánto cuesta. Ya está montado con tu nombre: https://presupuestos.nico-soto.es/demo/arq-reformas — ¿Hoy te llegan más clientes por tu web o por plataformas? Nico Soto · nico-soto.es"
"138","madrid4","rescate","Construcciones Arana","https://www.construccionesarana.es/","https://presupuestos.nico-soto.es/demo/construcciones-arana","construcciones-arana","1401bdb4-5c0f-4dcc-86ba-a2cc8b076b69","Simulador de presupuestos para tu web","Hola,

Te escribí por email hace unos días y no sé si te llegó, así que te lo dejo también por aquí.

He preparado un simulador de presupuestos para la web de Construcciones Arana: el cliente elige tipo de obra, metros y calidades, ve un precio orientativo y te escribe ya sabiendo cuánto cuesta. Ya está montado con tu nombre:
https://presupuestos.nico-soto.es/demo/construcciones-arana

Son dos minutos. ¿Hoy te llegan más clientes por tu web o por plataformas?

Nico Soto
nico-soto.es","Hola, he preparado un simulador de presupuestos para la web de Construcciones Arana: el cliente elige tipo de obra, metros y calidades, ve un precio orientativo y te escribe ya sabiendo cuánto cuesta. Ya está montado con tu nombre: https://presupuestos.nico-soto.es/demo/construcciones-arana — ¿Hoy te llegan más clientes por tu web o por plataformas? Nico Soto · nico-soto.es"
"139","madrid4","rescate","Alejo Construction & Design","http://tureformaenmadrid.es/","https://presupuestos.nico-soto.es/demo/alejo-reformas","alejo-reformas","a460adce-d338-4c12-80d5-77fe7e0c3888","Simulador de presupuestos para tu web","Hola,

Te escribí por email hace unos días y no sé si te llegó, así que te lo dejo también por aquí.

He preparado un simulador de presupuestos para la web de Alejo Construction & Design: el cliente elige tipo de obra, metros y calidades, ve un precio orientativo y te escribe ya sabiendo cuánto cuesta. Ya está montado con tu nombre:
https://presupuestos.nico-soto.es/demo/alejo-reformas

Son dos minutos. ¿Hoy te llegan más clientes por tu web o por plataformas?

Nico Soto
nico-soto.es","Hola, he preparado un simulador de presupuestos para la web de Alejo Construction & Design: el cliente elige tipo de obra, metros y calidades, ve un precio orientativo y te escribe ya sabiendo cuánto cuesta. Ya está montado con tu nombre: https://presupuestos.nico-soto.es/demo/alejo-reformas — ¿Hoy te llegan más clientes por tu web o por plataformas? Nico Soto · nico-soto.es"
"140","madrid4","rescate","Exclusivas Joma","http://www.exclusivasjoma.es/","https://presupuestos.nico-soto.es/demo/exclusivas-joma","exclusivas-joma","92d5945f-2431-404f-be31-6950101d284c","Simulador de presupuestos para tu web","Hola,

Te escribí por email hace unos días y no sé si te llegó, así que te lo dejo también por aquí.

He preparado un simulador de presupuestos para la web de Exclusivas Joma: el cliente elige tipo de obra, metros y calidades, ve un precio orientativo y te escribe ya sabiendo cuánto cuesta. Ya está montado con tu nombre:
https://presupuestos.nico-soto.es/demo/exclusivas-joma

Son dos minutos. ¿Hoy te llegan más clientes por tu web o por plataformas?

Nico Soto
nico-soto.es","Hola, he preparado un simulador de presupuestos para la web de Exclusivas Joma: el cliente elige tipo de obra, metros y calidades, ve un precio orientativo y te escribe ya sabiendo cuánto cuesta. Ya está montado con tu nombre: https://presupuestos.nico-soto.es/demo/exclusivas-joma — ¿Hoy te llegan más clientes por tu web o por plataformas? Nico Soto · nico-soto.es"
"142","madrid4","rescate","Emona Reformas","http://www.reformasemona.com/","https://presupuestos.nico-soto.es/demo/emona-reformas","emona-reformas","2df90125-4aca-4f83-b2ce-9d129733bf7a","Simulador de presupuestos para tu web","Hola,

Te escribí por email hace unos días y no sé si te llegó, así que te lo dejo también por aquí.

He preparado un simulador de presupuestos para la web de Emona Reformas: el cliente elige tipo de obra, metros y calidades, ve un precio orientativo y te escribe ya sabiendo cuánto cuesta. Ya está montado con tu nombre:
https://presupuestos.nico-soto.es/demo/emona-reformas

Son dos minutos. ¿Hoy te llegan más clientes por tu web o por plataformas?

Nico Soto
nico-soto.es","Hola, he preparado un simulador de presupuestos para la web de Emona Reformas: el cliente elige tipo de obra, metros y calidades, ve un precio orientativo y te escribe ya sabiendo cuánto cuesta. Ya está montado con tu nombre: https://presupuestos.nico-soto.es/demo/emona-reformas — ¿Hoy te llegan más clientes por tu web o por plataformas? Nico Soto · nico-soto.es"
"143","madrid4","rescate","Reformas Ideas","http://www.reformasideas.com/","https://presupuestos.nico-soto.es/demo/reformas-ideas","reformas-ideas","1bb40b25-fded-4e61-a279-1333dd01506c","Simulador de presupuestos para tu web","Hola,

Te escribí por email hace unos días y no sé si te llegó, así que te lo dejo también por aquí.

He preparado un simulador de presupuestos para la web de Reformas Ideas: el cliente elige tipo de obra, metros y calidades, ve un precio orientativo y te escribe ya sabiendo cuánto cuesta. Ya está montado con tu nombre:
https://presupuestos.nico-soto.es/demo/reformas-ideas

Son dos minutos. ¿Hoy te llegan más clientes por tu web o por plataformas?

Nico Soto
nico-soto.es","Hola, he preparado un simulador de presupuestos para la web de Reformas Ideas: el cliente elige tipo de obra, metros y calidades, ve un precio orientativo y te escribe ya sabiendo cuánto cuesta. Ya está montado con tu nombre: https://presupuestos.nico-soto.es/demo/reformas-ideas — ¿Hoy te llegan más clientes por tu web o por plataformas? Nico Soto · nico-soto.es"
"144","madrid4","rescate","Faner Reformas","http://www.faner.es/","https://presupuestos.nico-soto.es/demo/faner-reformas","faner-reformas","887705c5-69ad-4b66-80f0-eb2c9b2e8201","Simulador de presupuestos para tu web","Hola,

Te escribí por email hace unos días y no sé si te llegó, así que te lo dejo también por aquí.

He preparado un simulador de presupuestos para la web de Faner Reformas: el cliente elige tipo de obra, metros y calidades, ve un precio orientativo y te escribe ya sabiendo cuánto cuesta. Ya está montado con tu nombre:
https://presupuestos.nico-soto.es/demo/faner-reformas

Son dos minutos. ¿Hoy te llegan más clientes por tu web o por plataformas?

Nico Soto
nico-soto.es","Hola, he preparado un simulador de presupuestos para la web de Faner Reformas: el cliente elige tipo de obra, metros y calidades, ve un precio orientativo y te escribe ya sabiendo cuánto cuesta. Ya está montado con tu nombre: https://presupuestos.nico-soto.es/demo/faner-reformas — ¿Hoy te llegan más clientes por tu web o por plataformas? Nico Soto · nico-soto.es"
"145","madrid4","rescate","Área Reformas","https://www.areareformas.com/","https://presupuestos.nico-soto.es/demo/area-reformas","area-reformas","4823f5b1-4c03-4470-a190-02695325d84f","Simulador de presupuestos para tu web","Hola,

Te escribí por email hace unos días y no sé si te llegó, así que te lo dejo también por aquí.

He preparado un simulador de presupuestos para la web de Área Reformas: el cliente elige tipo de obra, metros y calidades, ve un precio orientativo y te escribe ya sabiendo cuánto cuesta. Ya está montado con tu nombre:
https://presupuestos.nico-soto.es/demo/area-reformas

Son dos minutos. ¿Hoy te llegan más clientes por tu web o por plataformas?

Nico Soto
nico-soto.es","Hola, he preparado un simulador de presupuestos para la web de Área Reformas: el cliente elige tipo de obra, metros y calidades, ve un precio orientativo y te escribe ya sabiendo cuánto cuesta. Ya está montado con tu nombre: https://presupuestos.nico-soto.es/demo/area-reformas — ¿Hoy te llegan más clientes por tu web o por plataformas? Nico Soto · nico-soto.es"
"146","madrid4","rescate","De la Llave","https://www.delallave.net/","https://presupuestos.nico-soto.es/demo/de-la-llave","de-la-llave","bcc9e250-9651-4bfb-af59-c6914eb4dd4d","Simulador de presupuestos para tu web","Hola,

Te escribí por email hace unos días y no sé si te llegó, así que te lo dejo también por aquí.

He preparado un simulador de presupuestos para la web de De la Llave: el cliente elige tipo de obra, metros y calidades, ve un precio orientativo y te escribe ya sabiendo cuánto cuesta. Ya está montado con tu nombre:
https://presupuestos.nico-soto.es/demo/de-la-llave

Son dos minutos. ¿Hoy te llegan más clientes por tu web o por plataformas?

Nico Soto
nico-soto.es","Hola, he preparado un simulador de presupuestos para la web de De la Llave: el cliente elige tipo de obra, metros y calidades, ve un precio orientativo y te escribe ya sabiendo cuánto cuesta. Ya está montado con tu nombre: https://presupuestos.nico-soto.es/demo/de-la-llave — ¿Hoy te llegan más clientes por tu web o por plataformas? Nico Soto · nico-soto.es"
"149","madrid4","rescate","Kozma","https://kozma.es/","https://presupuestos.nico-soto.es/demo/kozma","kozma","a389d62a-0ccc-4613-897c-d193a05f6085","Simulador de presupuestos para tu web","Hola,

Te escribí por email hace unos días y no sé si te llegó, así que te lo dejo también por aquí.

He preparado un simulador de presupuestos para la web de Kozma: el cliente elige tipo de obra, metros y calidades, ve un precio orientativo y te escribe ya sabiendo cuánto cuesta. Ya está montado con tu nombre:
https://presupuestos.nico-soto.es/demo/kozma

Son dos minutos. ¿Hoy te llegan más clientes por tu web o por plataformas?

Nico Soto
nico-soto.es","Hola, he preparado un simulador de presupuestos para la web de Kozma: el cliente elige tipo de obra, metros y calidades, ve un precio orientativo y te escribe ya sabiendo cuánto cuesta. Ya está montado con tu nombre: https://presupuestos.nico-soto.es/demo/kozma — ¿Hoy te llegan más clientes por tu web o por plataformas? Nico Soto · nico-soto.es"
"150","madrid4","rescate","Reformas Javier Recio","http://www.reformas-jrecio.com/","https://presupuestos.nico-soto.es/demo/reformas-jrecio","reformas-jrecio","9962ef9c-b471-43ea-a4e6-642c25bd563d","Simulador de presupuestos para tu web","Hola,

Te escribí por email hace unos días y no sé si te llegó, así que te lo dejo también por aquí.

He preparado un simulador de presupuestos para la web de Reformas Javier Recio: el cliente elige tipo de obra, metros y calidades, ve un precio orientativo y te escribe ya sabiendo cuánto cuesta. Ya está montado con tu nombre:
https://presupuestos.nico-soto.es/demo/reformas-jrecio

Son dos minutos. ¿Hoy te llegan más clientes por tu web o por plataformas?

Nico Soto
nico-soto.es","Hola, he preparado un simulador de presupuestos para la web de Reformas Javier Recio: el cliente elige tipo de obra, metros y calidades, ve un precio orientativo y te escribe ya sabiendo cuánto cuesta. Ya está montado con tu nombre: https://presupuestos.nico-soto.es/demo/reformas-jrecio — ¿Hoy te llegan más clientes por tu web o por plataformas? Nico Soto · nico-soto.es"
"151","madrid4","rescate","Seira Reformas","https://seirasl.es/","https://presupuestos.nico-soto.es/demo/seira-reformas","seira-reformas","d00e56ab-18a5-42f2-a54e-3c02825819cc","Simulador de presupuestos para tu web","Hola,

Te escribí por email hace unos días y no sé si te llegó, así que te lo dejo también por aquí.

He preparado un simulador de presupuestos para la web de Seira Reformas: el cliente elige tipo de obra, metros y calidades, ve un precio orientativo y te escribe ya sabiendo cuánto cuesta. Ya está montado con tu nombre:
https://presupuestos.nico-soto.es/demo/seira-reformas

Son dos minutos. ¿Hoy te llegan más clientes por tu web o por plataformas?

Nico Soto
nico-soto.es","Hola, he preparado un simulador de presupuestos para la web de Seira Reformas: el cliente elige tipo de obra, metros y calidades, ve un precio orientativo y te escribe ya sabiendo cuánto cuesta. Ya está montado con tu nombre: https://presupuestos.nico-soto.es/demo/seira-reformas — ¿Hoy te llegan más clientes por tu web o por plataformas? Nico Soto · nico-soto.es"
"153","madrid4","rescate","Reformas Lenzo","https://www.reformaslenzo.es/","https://presupuestos.nico-soto.es/demo/reformas-lenzo","reformas-lenzo","10183611-6dbe-4453-85eb-e5154595080c","Simulador de presupuestos para tu web","Hola,

Te escribí por email hace unos días y no sé si te llegó, así que te lo dejo también por aquí.

He preparado un simulador de presupuestos para la web de Reformas Lenzo: el cliente elige tipo de obra, metros y calidades, ve un precio orientativo y te escribe ya sabiendo cuánto cuesta. Ya está montado con tu nombre:
https://presupuestos.nico-soto.es/demo/reformas-lenzo

Son dos minutos. ¿Hoy te llegan más clientes por tu web o por plataformas?

Nico Soto
nico-soto.es","Hola, he preparado un simulador de presupuestos para la web de Reformas Lenzo: el cliente elige tipo de obra, metros y calidades, ve un precio orientativo y te escribe ya sabiendo cuánto cuesta. Ya está montado con tu nombre: https://presupuestos.nico-soto.es/demo/reformas-lenzo — ¿Hoy te llegan más clientes por tu web o por plataformas? Nico Soto · nico-soto.es"
"154","madrid4","rescate","Reformalista","https://reformalista.es/","https://presupuestos.nico-soto.es/demo/reformalista","reformalista","07469710-1594-44a3-8e5c-cc1a77c15180","Simulador de presupuestos para tu web","Hola,

Te escribí por email hace unos días y no sé si te llegó, así que te lo dejo también por aquí.

He preparado un simulador de presupuestos para la web de Reformalista: el cliente elige tipo de obra, metros y calidades, ve un precio orientativo y te escribe ya sabiendo cuánto cuesta. Ya está montado con tu nombre:
https://presupuestos.nico-soto.es/demo/reformalista

Son dos minutos. ¿Hoy te llegan más clientes por tu web o por plataformas?

Nico Soto
nico-soto.es","Hola, he preparado un simulador de presupuestos para la web de Reformalista: el cliente elige tipo de obra, metros y calidades, ve un precio orientativo y te escribe ya sabiendo cuánto cuesta. Ya está montado con tu nombre: https://presupuestos.nico-soto.es/demo/reformalista — ¿Hoy te llegan más clientes por tu web o por plataformas? Nico Soto · nico-soto.es"
"155","madrid4","rescate","Renovatotal","http://www.renovatotal.com.es/","https://presupuestos.nico-soto.es/demo/renovatotal","renovatotal","8aaca61b-0e50-47a3-9846-a1d1169ed837","Simulador de presupuestos para tu web","Hola,

Te escribí por email hace unos días y no sé si te llegó, así que te lo dejo también por aquí.

He preparado un simulador de presupuestos para la web de Renovatotal: el cliente elige tipo de obra, metros y calidades, ve un precio orientativo y te escribe ya sabiendo cuánto cuesta. Ya está montado con tu nombre:
https://presupuestos.nico-soto.es/demo/renovatotal

Son dos minutos. ¿Hoy te llegan más clientes por tu web o por plataformas?

Nico Soto
nico-soto.es","Hola, he preparado un simulador de presupuestos para la web de Renovatotal: el cliente elige tipo de obra, metros y calidades, ve un precio orientativo y te escribe ya sabiendo cuánto cuesta. Ya está montado con tu nombre: https://presupuestos.nico-soto.es/demo/renovatotal — ¿Hoy te llegan más clientes por tu web o por plataformas? Nico Soto · nico-soto.es"
"156","madrid4","rescate","Tecfincas","https://tecfincas.com/","https://presupuestos.nico-soto.es/demo/tecfincas","tecfincas","3a3f07ad-ec83-4e3a-90b1-1569478406f6","Simulador de presupuestos para tu web","Hola,

Te escribí por email hace unos días y no sé si te llegó, así que te lo dejo también por aquí.

He preparado un simulador de presupuestos para la web de Tecfincas: el cliente elige tipo de obra, metros y calidades, ve un precio orientativo y te escribe ya sabiendo cuánto cuesta. Ya está montado con tu nombre:
https://presupuestos.nico-soto.es/demo/tecfincas

Son dos minutos. ¿Hoy te llegan más clientes por tu web o por plataformas?

Nico Soto
nico-soto.es","Hola, he preparado un simulador de presupuestos para la web de Tecfincas: el cliente elige tipo de obra, metros y calidades, ve un precio orientativo y te escribe ya sabiendo cuánto cuesta. Ya está montado con tu nombre: https://presupuestos.nico-soto.es/demo/tecfincas — ¿Hoy te llegan más clientes por tu web o por plataformas? Nico Soto · nico-soto.es"
"157","madrid4","rescate","AyC Proyectos","http://www.aycproyectos.info/","https://presupuestos.nico-soto.es/demo/ayc-proyectos","ayc-proyectos","d962a88a-f6f6-4170-b10a-68e5716b31ee","Simulador de presupuestos para tu web","Hola,

Te escribí por email hace unos días y no sé si te llegó, así que te lo dejo también por aquí.

He preparado un simulador de presupuestos para la web de AyC Proyectos: el cliente elige tipo de obra, metros y calidades, ve un precio orientativo y te escribe ya sabiendo cuánto cuesta. Ya está montado con tu nombre:
https://presupuestos.nico-soto.es/demo/ayc-proyectos

Son dos minutos. ¿Hoy te llegan más clientes por tu web o por plataformas?

Nico Soto
nico-soto.es","Hola, he preparado un simulador de presupuestos para la web de AyC Proyectos: el cliente elige tipo de obra, metros y calidades, ve un precio orientativo y te escribe ya sabiendo cuánto cuesta. Ya está montado con tu nombre: https://presupuestos.nico-soto.es/demo/ayc-proyectos — ¿Hoy te llegan más clientes por tu web o por plataformas? Nico Soto · nico-soto.es"
"158","madrid4","rescate","Reformas JL Marlo","https://reformasjlmarlo.es/","https://presupuestos.nico-soto.es/demo/reformas-jl-marlo","reformas-jl-marlo","6a4da179-f633-4410-990d-55be232ad1f1","Simulador de presupuestos para tu web","Hola,

Te escribí por email hace unos días y no sé si te llegó, así que te lo dejo también por aquí.

He preparado un simulador de presupuestos para la web de Reformas JL Marlo: el cliente elige tipo de obra, metros y calidades, ve un precio orientativo y te escribe ya sabiendo cuánto cuesta. Ya está montado con tu nombre:
https://presupuestos.nico-soto.es/demo/reformas-jl-marlo

Son dos minutos. ¿Hoy te llegan más clientes por tu web o por plataformas?

Nico Soto
nico-soto.es","Hola, he preparado un simulador de presupuestos para la web de Reformas JL Marlo: el cliente elige tipo de obra, metros y calidades, ve un precio orientativo y te escribe ya sabiendo cuánto cuesta. Ya está montado con tu nombre: https://presupuestos.nico-soto.es/demo/reformas-jl-marlo — ¿Hoy te llegan más clientes por tu web o por plataformas? Nico Soto · nico-soto.es"
"159","madrid4","rescate","Antter Interiores","http://antterinteriores.com/","https://presupuestos.nico-soto.es/demo/antter-interiores","antter-interiores","b9659dc1-4d2a-4d1e-b94c-451af4cb90d6","Simulador de presupuestos para tu web","Hola,

Te escribí por email hace unos días y no sé si te llegó, así que te lo dejo también por aquí.

He preparado un simulador de presupuestos para la web de Antter Interiores: el cliente elige tipo de obra, metros y calidades, ve un precio orientativo y te escribe ya sabiendo cuánto cuesta. Ya está montado con tu nombre:
https://presupuestos.nico-soto.es/demo/antter-interiores

Son dos minutos. ¿Hoy te llegan más clientes por tu web o por plataformas?

Nico Soto
nico-soto.es","Hola, he preparado un simulador de presupuestos para la web de Antter Interiores: el cliente elige tipo de obra, metros y calidades, ve un precio orientativo y te escribe ya sabiendo cuánto cuesta. Ya está montado con tu nombre: https://presupuestos.nico-soto.es/demo/antter-interiores — ¿Hoy te llegan más clientes por tu web o por plataformas? Nico Soto · nico-soto.es"
"160","madrid4","rescate","Keshia Interiorismo","https://keshiainteriorismo.es/","https://presupuestos.nico-soto.es/demo/keshia","keshia","4593ded8-714d-4a86-a2ef-bdbc5eb0f7c3","Simulador de presupuestos para tu web","Hola,

Te escribí por email hace unos días y no sé si te llegó, así que te lo dejo también por aquí.

He preparado un simulador de presupuestos para la web de Keshia Interiorismo: el cliente elige tipo de obra, metros y calidades, ve un precio orientativo y te escribe ya sabiendo cuánto cuesta. Ya está montado con tu nombre:
https://presupuestos.nico-soto.es/demo/keshia

Son dos minutos. ¿Hoy te llegan más clientes por tu web o por plataformas?

Nico Soto
nico-soto.es","Hola, he preparado un simulador de presupuestos para la web de Keshia Interiorismo: el cliente elige tipo de obra, metros y calidades, ve un precio orientativo y te escribe ya sabiendo cuánto cuesta. Ya está montado con tu nombre: https://presupuestos.nico-soto.es/demo/keshia — ¿Hoy te llegan más clientes por tu web o por plataformas? Nico Soto · nico-soto.es"
"161","madrid4","rescate","Cisoyer","https://cisoyer.es/","https://presupuestos.nico-soto.es/demo/cisoyer","cisoyer","fe6bb0a2-2132-491d-9b67-0c2574bb8f2c","Simulador de presupuestos para tu web","Hola,

Te escribí por email hace unos días y no sé si te llegó, así que te lo dejo también por aquí.

He preparado un simulador de presupuestos para la web de Cisoyer: el cliente elige tipo de obra, metros y calidades, ve un precio orientativo y te escribe ya sabiendo cuánto cuesta. Ya está montado con tu nombre:
https://presupuestos.nico-soto.es/demo/cisoyer

Son dos minutos. ¿Hoy te llegan más clientes por tu web o por plataformas?

Nico Soto
nico-soto.es","Hola, he preparado un simulador de presupuestos para la web de Cisoyer: el cliente elige tipo de obra, metros y calidades, ve un precio orientativo y te escribe ya sabiendo cuánto cuesta. Ya está montado con tu nombre: https://presupuestos.nico-soto.es/demo/cisoyer — ¿Hoy te llegan más clientes por tu web o por plataformas? Nico Soto · nico-soto.es"
"162","madrid4","rescate","A198 Design","http://www.a198design.com/","https://presupuestos.nico-soto.es/demo/a198-design","a198-design","812f15fb-9749-4e8a-80d9-10e7e3c22f17","Simulador de presupuestos para tu web","Hola,

Te escribí por email hace unos días y no sé si te llegó, así que te lo dejo también por aquí.

He preparado un simulador de presupuestos para la web de A198 Design: el cliente elige tipo de obra, metros y calidades, ve un precio orientativo y te escribe ya sabiendo cuánto cuesta. Ya está montado con tu nombre:
https://presupuestos.nico-soto.es/demo/a198-design

Son dos minutos. ¿Hoy te llegan más clientes por tu web o por plataformas?

Nico Soto
nico-soto.es","Hola, he preparado un simulador de presupuestos para la web de A198 Design: el cliente elige tipo de obra, metros y calidades, ve un precio orientativo y te escribe ya sabiendo cuánto cuesta. Ya está montado con tu nombre: https://presupuestos.nico-soto.es/demo/a198-design — ¿Hoy te llegan más clientes por tu web o por plataformas? Nico Soto · nico-soto.es"
"163","madrid4","rescate","Reformas CGR","http://www.reformascgr.es/","https://presupuestos.nico-soto.es/demo/reformas-cgr","reformas-cgr","13febfda-880c-4453-9f31-b69a0ddfc74f","Simulador de presupuestos para tu web","Hola,

Te escribí por email hace unos días y no sé si te llegó, así que te lo dejo también por aquí.

He preparado un simulador de presupuestos para la web de Reformas CGR: el cliente elige tipo de obra, metros y calidades, ve un precio orientativo y te escribe ya sabiendo cuánto cuesta. Ya está montado con tu nombre:
https://presupuestos.nico-soto.es/demo/reformas-cgr

Son dos minutos. ¿Hoy te llegan más clientes por tu web o por plataformas?

Nico Soto
nico-soto.es","Hola, he preparado un simulador de presupuestos para la web de Reformas CGR: el cliente elige tipo de obra, metros y calidades, ve un precio orientativo y te escribe ya sabiendo cuánto cuesta. Ya está montado con tu nombre: https://presupuestos.nico-soto.es/demo/reformas-cgr — ¿Hoy te llegan más clientes por tu web o por plataformas? Nico Soto · nico-soto.es"
"165","madrid4","rescate","Caoba Majadahonda","http://www.caobamajadahonda.com/","https://presupuestos.nico-soto.es/demo/caoba-majadahonda","caoba-majadahonda","2dfee82a-992d-4d7a-a79a-b003be160981","Simulador de presupuestos para tu web","Hola,

Te escribí por email hace unos días y no sé si te llegó, así que te lo dejo también por aquí.

He preparado un simulador de presupuestos para la web de Caoba Majadahonda: el cliente elige tipo de obra, metros y calidades, ve un precio orientativo y te escribe ya sabiendo cuánto cuesta. Ya está montado con tu nombre:
https://presupuestos.nico-soto.es/demo/caoba-majadahonda

Son dos minutos. ¿Hoy te llegan más clientes por tu web o por plataformas?

Nico Soto
nico-soto.es","Hola, he preparado un simulador de presupuestos para la web de Caoba Majadahonda: el cliente elige tipo de obra, metros y calidades, ve un precio orientativo y te escribe ya sabiendo cuánto cuesta. Ya está montado con tu nombre: https://presupuestos.nico-soto.es/demo/caoba-majadahonda — ¿Hoy te llegan más clientes por tu web o por plataformas? Nico Soto · nico-soto.es"
